Column1,Column2,Column3,Column4,Column5,Column6,Column7,Column8,Column9,Column10,Column11,Column12,Column13,Column14,Column15,Column16,Column17,Column18,Column19,Column20
1,"1011,9","1008,6","1007,0","1009,2","3,8","-3,8","7,6","-8,0","-3,4","3,3","-0,9","-0,5",87,55,72,71,,,
2,"1004,3","1002,2","1001,8","1002,8","8,2","-4,2","12,4","-9,0","-3,9","7,5","3,8","2,8",74,32,45,50,,,
3,"1005,5","1007,5","1007,8","1006,9","5,9","-1,0","6,9","-0,6","-0,6","0,9","-1,0","-0,4",93,84,92,90,,,
4,"1000,1","993,9","993,6","995,9","2,4","-4,7","7,1","-12,0","-3,6","0,8","0,2","-0,6",90,77,88,85,,,
5,"993,6","995,3","998,4","995,8","1,3","-1,2","2,5","-1,5","0,2","0,7","-1,2","-0,4",91,79,74,81,,,
6,"1005,2","1008,0","1011,1","1008,1","-1,2","-9,3","8,1","-7,1","-6,9","-7,1","-9,3","-8,2",63,53,56,57,,,
7,"1012,0","1012,2","1012,3","1012,2","-8,9","-12,2","3,3","-13,5","-12,0","-9,8","-12,1","-11,5",51,46,63,53,,,
8,"1009,7","1008,6","1007,4","1008,6","-7,1","-14,6","7,5","-16,1","-14,6","-8,0","-10,0","-10,7",64,47,79,63,,,
9,"1005,3","1005,6","1008,4","1006,4","-7,0","-10,2","3,2","-12,6","-9,8","-7,3","-8,9","-8,7",85,83,84,84,,,
10,"1006,7","1003,8","1003,8","1004,8","-7,9","-13,1","5,2","-18,4","-12,0","-8,6","-8,7","-9,5",79,81,87,82,,,
11,"1005,2","1005,5","1004,0","1004,9","-7,1","-10,4","3,3","-9,2","-9,5","-7,4","-10,0","-9,2",88,83,85,85,,,
12,"998,6","1002,8","1002,1","1001,2","1,4","-11,0","12,4","-9,6","-8,6","0,5","-0,6","-2,3",82,52,82,72,,,
13,"991,8","985,4","978,5","985,2","6,8","-2,2","9,0","-9,4","3,0","5,8","6,8","5,6",66,62,54,61,,,
14,"989,1","992,9","995,8","992,6","7,1","-0,2","7,3","0,4","0,8","2,2","-0,2","0,7",91,81,82,85,,,
15,"1000,8","1003,3","1004,9","1003,0","4,5","-2,3","6,8","-5,7","-2,2","3,6","-1,2","-0,3",86,60,85,77,,,
16,"1002,2","1000,7","1001,3","1001,4","1,6","-4,1","5,7","-7,7","-2,8","1,3","0,7","0,0",89,59,85,78,,,
17,"1003,4","1006,4","1010,0","1006,6","1,3","-0,1","1,4","0,2","1,0","0,1","-0,1","0,2",75,84,89,83,,,
18,"1012,5","1013,7","1016,1","1014,1","0,8","-1,6","2,4","-1,0","-0,3","-0,6","-0,3","-0,4",75,93,56,75,,,
19,"1017,3","1019,0","1021,0","1019,1","-0,3","-2,1","1,8","-2,6","-2,0","-0,9","-1,6","-1,5",64,51,65,60,,,
20,"1021,4","1020,6","1020,5","1020,8","-0,2","-6,5","6,3","-11,8","-5,7","-0,6","-4,8","-4,0",83,54,85,74,,,
21,"1019,3","1018,2","1018,6","1018,7","-2,0","-10,4","8,4","-15,5","-10,2","-2,5","-4,4","-5,4",88,69,83,80,,,
22,"1019,2","1018,0","1016,8","1018,0","-2,0","-6,7","4,7","-10,7","-6,0","-3,2","-4,3","-4,5",90,83,85,86,,,
23,"1014,7","1011,3","1010,0","1012,0","-3,9","-9,3","5,4","-11,8","-8,9","-4,2","-6,9","-6,7",92,83,91,89,,,
24,"1007,8","1008,3","1010,7","1008,9","-5,3","-7,3","2,0","-6,6","-7,1","-5,6","-5,4","-5,9",91,92,90,91,,,
25,"1012,8","1013,2","1014,6","1013,5","-2,9","-5,4","2,5","-5,1","-4,8","-3,1","-3,2","-3,6",93,91,93,92,,,
26,"1015,6","1016,7","1018,9","1017,1","-1,4","-3,8","2,4","-5,4","-3,7","-1,6","-2,4","-2,5",92,80,82,85,,,
27,"1017,4","1014,9","1013,8","1015,4","1,0","-5,6","6,6","-12,0","-4,9","0,6","-4,7","-3,4",84,62,91,79,,,
28,"1012,7","1011,3","1011,4","1011,8","-2,5","-6,7","4,2","-11,0","-6,5","-3,4","-5,3","-5,1",94,81,91,89,,,
29,"1012,3","1012,1","1013,2","1012,5","-4,8","-7,9","3,1","-10,2","-7,7","-5,3","-6,0","-6,3",93,84,92,90,,,
30,"1012,4","1009,6","1009,2","1010,4","3,0","-7,1","10,1","-10,4","-6,4","3,0","-2,2","-2,0",89,54,81,75,,,
31,"1008,0","1007,5","1007,3","1007,6","5,8","-2,6","8,4","-4,2","-1,9","5,6","1,2","1,5",81,55,73,70,,,
dek1,"1005,4","1004,6","1005,2","1005,1","-1,0","-7,4","6,4","-9,9","-6,7","-2,8","-4,8","-4,8",78,64,74,72,,,
dek2,"1004,2","1005,0","1005,4","1004,9","1,6","-4,0","5,6","-5,6","-2,6","0,4","-1,1","-1,1",80,68,77,75,,,
dek3,"1013,8","1012,8","1013,1","1013,3","-1,4","-6,6","5,3","-9,4","-6,2","-1,8","-4,0","-4,0",90,76,87,84,,,
mes,"1008,0","1007,6","1008,1","1007,9","-0,3","-6,1","5,7","-8,3","-5,2","-1,4","-3,3","-3,3",83,69,79,77,,,
1,"4,1","4,2","4,1","4,1",WSW,"0,8",NNE,"0,8",SE,"2,4","1,4",-,0,0,0,"0,0",.,.,.
2,"3,4","3,3","3,6","3,4",E,"0,8",WNW,"0,8",SW,"0,8","0,8",-,0,1,10,"3,7",.,.,.
3,"5,4","5,5","5,2","5,4",NNW,"2,4",WNW,"2,4",W,"0,8","1,9",-,10,10,0,"6,7","2,8",4,4
4,"4,2","5,0","5,4","4,9",WSW,"2,4",W,"0,8",ENE,"2,4","1,9",-,0,6,10,"5,3","0,8",6,2
5,"5,6","5,1","4,1","4,9",WSW,"2,4",NNW,"2,4",N,"4,4","3,0",-,9,10,6,"8,3","1,6",4,1
6,"2,3","1,9","1,7","2,0",N,"4,4",N,"6,7",NNW,"4,4","5,1",-,9,10,0,"6,3","0,0",3,0
7,"1,2","1,3","1,5","1,3",NNW,"4,4",NNW,"4,4",W,"2,4","3,7",-,0,4,0,"1,3",.,3,.
8,"1,3","1,6","2,3","1,7",WSW,"2,4",W,"2,4",W,"4,4","3,0",-,1,4,0,"1,7",.,3,.
9,"2,5","2,9","2,6","2,7",W,"4,4",NW,"2,4",SSE,"2,4","3,0",-,10,10,6,"8,7","0,8",5,2
10,"1,9","2,6","2,7","2,4",ESE,"0,8",NNE,"2,4",NE,"4,4","2,5",-,0,10,10,"6,7","2,8",15,10
11,"2,6","2,9","2,4","2,6",W,"2,4",WSW,"4,4",SSE,"2,4","3,0",-,10,10,0,"6,7","5,0",20,7
12,"2,6","3,3","4,8","3,6",C,"0,0",W,"2,4",NNW,"0,8","1,1",-,9,9,0,"6,0","1,8",18,1
13,"5,0","5,8","5,4","5,4",SE,"4,4",SSE,"6,7",SSE,"9,4","6,8",-,7,10,10,"9,0",.,17,.
14,"5,9","5,8","4,9","5,5",WNW,"4,4",W,"2,4",W,"0,8","2,5",-,10,10,4,"8,0","4,2",9,3
15,"4,5","4,7","4,7","4,6",WSW,"0,8",NW,"0,8",NE,"0,8","0,8",-,0,4,0,"1,3","0,0",6,0
16,"4,4","4,0","5,5","4,6",NE,"0,8",E,"2,4",E,"4,4","2,5",-,4,8,7,"6,3",.,2,.
17,"4,9","5,2","5,4","5,2",ESE,"2,4",ESE,"4,4",ENE,"2,4","3,0",-,7,10,10,"9,0","0,2",2,1
18,"4,5","5,4","3,4","4,4",ESE,"2,4",E,"4,4",ESE,"6,7","4,5",-,10,10,10,"10,0","1,1",4,2
19,"3,4","2,9","3,5","3,3",ESE,"6,7",SE,"4,4",ESE,"6,7","5,9",-,10,10,8,"9,3","1,9",10,6
20,"3,3","3,1","3,6","3,3",ESE,"0,8",NE,"2,4",NNW,"0,8","1,4",-,0,0,0,"0,0","0,0",10,0
21,"2,5","3,5","3,7","3,2",C,"0,0",NW,"2,4",NNW,"2,4","1,6",-,0,0,6,"2,0",.,10,.
22,"3,5","4,0","3,8","3,8",NNW,"2,4",SSE,"2,4",SE,"2,4","2,4",-,8,8,0,"5,3",.,10,.
23,"2,9","3,7","3,3","3,3",SSW,"0,8",W,"0,8",NW,"0,8","0,8",-,10,4,10,"8,0","0,1",10,0
24,"3,3","3,7","3,7","3,6",NW,"0,8",WNW,"2,4",WNW,"2,4","1,9",-,10,10,10,"10,0","0,0",10,0
25,"4,0","4,4","4,5","4,3",WNW,"2,4",NNW,"0,8",NW,"0,8","1,4",-,10,10,10,"10,0","0,0",10,0
26,"4,3","4,3","4,2","4,3",WNW,"2,4",WNW,"0,8",WNW,"0,8","1,4",-,10,10,10,"10,0","0,3",11,1
27,"3,6","3,9","3,9","3,8",SSW,"2,4",SSE,"2,4",ESE,"2,4","2,4",-,0,0,8,"2,7",.,10,.
28,"3,5","3,8","3,7","3,7",E,"0,8",SE,"0,8",ENE,"2,4","1,4",-,10,8,5,"7,7",.,10,.
29,"3,2","3,5","3,6","3,4",C,"0,0",ENE,"2,4",ENE,"0,8","1,1",-,10,10,10,"10,0",.,10,.
30,"3,4","4,1","4,2","3,9",C,"0,0",SSE,"4,4",SSE,"6,7","3,7",-,0,0,0,"0,0","0,0",10,0
31,"4,3","5,0","4,9","4,7",SSE,"6,7",SSE,"6,7",SSE,"4,4","5,9",-,0,5,5,"3,3",.,9,.
dek1,"3,2","3,3","3,3","3,3","2,5","2,5","2,9","2,6",-,"3,9","6,5","4,2","4,9","8,8",,,,,
dek2,"4,1","4,3","4,4","4,3","2,5","3,5","3,5","3,1",-,"6,7","8,1","4,9","6,6","14,2",,,,,
dek3,"3,5","4,0","4,0","3,8","1,7","2,4","2,4","2,0",-,"6,2","5,9","6,7","6,3","0,4",,,,,
mes,"3,6","3,9","3,9","3,8","2,2","2,8","2,9","2,5",-,"5,6","6,8","5,3","5,9","23,4",,,,,
Д,Напон,водене,паре,Правац,и,брзина,ветра,Инсо-,Облачност,Пада-,Снег,Појаве,,,,,,,
а,(mb),(m/s),лација,у,десетинама,вине,(сm),,,,,,,,,,,,
н,07,14,21,ср.,07,14,21,ср.,(h),07,14,21,ср.,(mm),У,Н,,,
Д,Ваздушни,притисак,у,mb,Температура,ваздуха,у,°,C,Релативна,влажност,,,,,,,,
а,Екстреми,мин,Терминске,Термини,,,,,,,,,,,,,,,
н,07,14,21,ср.,мах,мин,амп,5сm,07,14,21,ср.,07,14,21,ср.,,,
БЕОГРАД,ширина,"44°48',",дужина,"20°28',",висина,132m,ФЕБРУАР,2017,,,,,,,,,,,
1,"1008,0","1007,9","1008,3","1008,1","7,4","0,8","6,6","0,6","1,9","6,9","7,0","5,7",80,62,64,69,,,
2,"1007,5","1005,8","1004,6","1006,0","12,0","6,3","5,7","2,6","7,8","11,6","10,0","9,9",70,58,60,63,,,
3,"1001,2","998,8","998,6","999,5","16,7","8,4","8,3","1,9","10,0","16,1","12,4","12,7",62,40,62,55,,,
4,"995,8","994,2","992,8","994,3","14,8","9,1","5,7","4,6","9,6","11,6","10,2","10,4",69,79,72,73,,,
5,"991,8","994,6","992,8","993,1","12,8","8,2","4,6","1,6","10,2","11,6","8,2","9,5",66,57,68,64,,,
6,"989,2","988,5","992,1","989,9","14,4","7,2","7,2","6,0","8,9","12,1","8,4","9,5",71,60,79,70,,,
7,"995,3","998,2","1001,5","998,3","8,4","1,7","6,7","5,3","5,3","2,6","1,7","2,8",94,90,93,92,,,
8,"1004,2","1005,8","1008,8","1006,3","4,0","1,3","2,7","1,3","1,6","3,4","3,4","3,0",92,82,85,86,,,
9,"1011,1","1011,4","1012,2","1011,6","3,5","-1,0","4,5","0,6","0,5","1,6","-1,0","0,0",72,67,76,72,,,
10,"1012,3","1011,8","1012,9","1012,3","3,8","-2,5","6,3","-2,4","-2,4","2,2","-0,9","-0,5",71,59,72,67,,,
11,"1012,2","1012,0","1012,9","1012,4","4,4","-2,6","7,0","-3,4","-2,1","3,6","-1,8","-0,5",60,45,65,57,,,
12,"1015,5","1016,9","1018,1","1016,8","2,2","-4,4","6,6","-5,1","-4,4","1,5","-3,8","-2,6",70,47,68,62,,,
13,"1018,8","1018,1","1020,0","1019,0","4,0","-5,1","9,1","-6,4","-5,1","3,0","-2,0","-1,5",78,54,79,70,,,
14,"1020,8","1021,5","1021,7","1021,3","0,4","-5,7","6,1","-8,7","-5,7","-0,4","-2,5","-2,8",81,73,90,81,,,
15,"1021,4","1020,1","1019,9","1020,5","8,9","-4,5","13,4","-6,7","-4,2","7,3","2,2","1,9",90,48,68,69,,,
16,"1019,5","1016,9","1014,2","1016,9","9,5","-3,6","13,1","-6,4","-3,4","8,3","3,4","2,9",95,42,75,71,,,
17,"1010,2","1007,0","1006,9","1008,0","5,6","-3,6","9,2","-5,3","-3,6","2,6","1,2","0,4",97,62,83,81,,,
18,"1007,5","1007,5","1009,3","1008,1","3,2","-1,4","4,6","-3,0","-0,6","2,8","1,6","1,4",94,86,92,91,,,
19,"1009,7","1009,2","1008,6","1009,2","1,6","-0,4","2,0","-0,4","-0,2","0,9","0,6","0,5",93,90,89,91,,,
20,"1008,8","1008,0","1006,6","1007,8","4,4","-0,6","5,0","-0,2","-0,6","3,0","4,0","2,6",93,78,86,86,,,
21,"1002,0","998,5","999,3","999,9","12,4","2,0","10,4","-3,4","2,0","11,9","9,4","8,2",77,37,60,58,,,
22,"1001,9","999,1","997,1","999,4","18,0","6,8","11,2","2,0","6,8","17,0","11,0","11,5",68,35,60,54,,,
23,"997,7","996,1","994,0","995,9","19,6","6,4","13,2","0,0","6,4","18,8","13,2","12,9",71,33,48,51,,,
24,"993,4","992,7","996,5","994,2","18,3","5,6","12,7","1,5","9,8","17,4","5,6","9,6",55,39,92,62,,,
25,"1005,6","1008,0","1010,2","1007,9","9,4","2,9","6,5","3,3","2,9","9,1","4,3","5,2",92,54,64,70,,,
26,"1007,5","1003,6","1003,2","1004,8","14,4","1,5","12,9","-3,1","1,9","13,3","10,2","8,9",69,50,68,62,,,
27,"1002,6","999,2","997,6","999,8","19,3","6,3","13,0","1,6","7,7","18,8","14,0","13,6",84,45,57,62,,,
28,"995,8","991,8","991,2","992,9","23,0","12,1","10,9","6,2","12,1","22,3","16,2","16,7",57,30,41,43,,,
dek1,"1001,6","1001,7","1002,5","1001,9","9,8","4,0","5,8","2,2","5,3","8,0","5,9","6,3",75,65,73,71,,,
dek2,"1014,4","1013,7","1013,8","1014,0","4,4","-3,2","7,6","-4,6","-3,0","3,3","0,3","0,2",85,63,80,76,,,
dek3,"1000,8","998,6","998,6","999,4","16,8","5,5","11,4","1,0","6,2","16,1","10,5","10,8",72,40,61,58,,,
mes,"1006,0","1005,1","1005,4","1005,5","9,9","1,8","8,0","-0,5","2,6","8,6","5,2","5,4",78,57,72,69,,,
1,"5,6","6,2","6,4","6,1",SSE,"0,8",SSE,"2,4",SSE,"2,4","1,9",-,7,9,9,"8,3","0,0",6,.
2,"7,4","7,9","7,3","7,5",SSE,"2,4",SSE,"2,4",S,"2,4","2,4",-,5,10,6,"7,0","0,4",.,.
3,"7,6","7,3","8,9","7,9",S,"2,4",SW,"2,4",SSW,"2,4","2,4",-,9,8,10,"9,0",.,.,.
4,"8,3","10,8","9,0","9,4",ESE,"2,4",SSW,"2,4",S,"2,4","2,4",-,10,9,4,"7,7","0,2",.,.
5,"8,2","7,8","7,4","7,8",W,"4,4",W,"2,4",SE,"4,4","3,7",-,6,4,4,"4,7","2,3",.,.
6,"8,1","8,5","8,7","8,4",SSE,"4,4",SE,"4,4",SSE,"4,4","4,4",-,9,10,10,"9,7","0,0",.,.
7,"8,4","6,7","6,4","7,2",WSW,"2,4",WNW,"4,4",W,"2,4","3,0",-,10,10,10,"10,0","3,3",.,.
8,"6,3","6,4","6,6","6,4",WNW,"0,8",NNE,"0,8",E,"2,4","1,4",-,10,10,10,"10,0","0,9",.,0
9,"4,6","4,6","4,3","4,5",SE,"4,4",ESE,"4,4",ESE,"4,4","4,4",-,10,10,8,"9,3",.,.,.
10,"3,6","4,2","4,1","4,0",SSE,"6,7",SE,"4,4",SE,"6,7","5,9",-,5,3,7,"5,0",.,.,.
11,"3,2","3,6","3,5","3,4",SSE,"4,4",SE,"4,4",SE,"6,7","5,1",-,6,4,0,"3,3",.,.,.
12,"3,1","3,2","3,1","3,1",SE,"6,7",SE,"4,4",SE,"4,4","5,1",-,3,0,0,"1,0",.,.,.
13,"3,2","4,1","4,2","3,8",SE,"4,4",SE,"2,4",ESE,"2,4","3,0",-,0,0,0,"0,0",.,.,.
14,"3,2","4,3","4,6","4,0",C,"0,0",NNW,"2,4",ENE,"0,8","1,1",-,0,6,3,"3,0",.,.,.
15,"4,0","4,9","4,9","4,6",E,"0,8",W,"2,4",ENE,"0,8","1,4",-,0,0,0,"0,0",.,.,.
16,"4,5","4,6","5,9","5,0",ENE,"0,8",ENE,"2,4",E,"0,8","1,4",-,0,0,0,"0,0",.,.,.
17,"4,5","4,6","5,5","4,9",ENE,"0,8",WNW,"0,8",C,"0,0","0,6",-,10,5,0,"5,0",.,.,.
18,"5,5","6,4","6,3","6,1",NW,"0,8",NW,"2,4",NNE,"2,4","1,9",-,10,10,10,"10,0",.,.,.
19,"5,6","5,8","5,7","5,7",NE,"2,4",NNE,"0,8",N,"0,8","1,4",-,10,10,10,"10,0","0,4",.,0
20,"5,4","5,9","7,0","6,1",NW,"0,8",WNW,"0,8",W,"0,8","0,8",-,10,5,10,"8,3","0,2",.,0
21,"5,5","5,2","7,1","5,9",WSW,"2,4",WNW,"2,4",NE,"0,8","1,9",-,0,9,9,"6,0",.,.,.
22,"6,8","6,7","7,9","7,1",W,"2,4",S,"2,4",WNW,"0,8","1,9",-,2,3,0,"1,7","0,0",.,.
23,"6,8","7,2","7,3","7,1",SW,"0,8",W,"4,4",SSW,"2,4","2,5",-,4,3,0,"2,3",.,.,.
24,"6,7","7,7","8,3","7,6",SSW,"2,4",WSW,"2,4",NE,"4,4","3,0",-,6,10,10,"8,7",.,.,.
25,"6,9","6,2","5,3","6,1",W,"4,4",NW,"4,4",WNW,"0,8","3,2",-,10,5,0,"5,0","15,8",.,.
26,"4,8","7,6","8,4","6,9",SE,"2,4",SSW,"0,8",SSE,"0,8","1,4",-,0,3,6,"3,0",.,.,.
27,"8,9","9,8","9,2","9,3",SSE,"0,8",ENE,"2,4",S,"2,4","1,9",-,8,5,3,"5,3",.,.,.
28,"8,0","8,2","7,6","7,9",SSE,"0,8",SW,"4,4",SSW,"6,7","4,0",-,1,1,4,"2,0",.,.,.
dek1,"6,8","7,0","6,9","6,9","3,1","3,0","3,4","3,2",-,"8,1","8,3","7,8","8,1","7,1",,,,,
dek2,"4,2","4,7","5,1","4,7","2,2","2,3","2,0","2,1",-,"4,9","4,0","3,3","4,1","0,6",,,,,
dek3,"6,8","7,3","7,6","7,2","2,0","2,9","2,4","2,3",-,"3,9","4,9","4,0","4,3","15,8",,,,,
mes,"5,9","6,3","6,5","6,2","2,5","2,7","2,6","2,5",-,"5,8","5,8","5,1","5,5","23,5",,,,,
Д,Напон,водене,паре,Правац,и,брзина,ветра,Инсо-,Облачност,Пада-,Снег,Појаве,,,,,,,
а,(mb),(m/s),лација,у,десетинама,вине,(сm),,,,,,,,,,,,
н,07,14,21,ср.,07,14,21,ср.,(h),07,14,21,ср.,(mm),У,Н,,,
Д,Ваздушни,притисак,у,mb,Температура,ваздуха,у,°,C,Релативна,влажност,,,,,,,,
а,Екстреми,мин,Терминске,Термини,,,,,,,,,,,,,,,
н,07,14,21,ср.,мах,мин,амп,5сm,07,14,21,ср.,07,14,21,ср.,,,
БЕОГРАД,ширина,"44°48',",дужина,"20°28',",висина,132m,МАРТ,2017,,,,,,,,,,,
1,"987,2","990,7","998,0","992,0","16,3","5,7","10,6","10,7","12,9","6,6","6,2","8,0",55,87,86,76,,,
2,"1000,1","998,7","1001,2","1000,0","16,7","3,0","13,7","-2,0","4,6","15,8","11,0","10,6",73,24,56,51,,,
3,"1006,3","1005,4","1003,8","1005,2","16,3","7,1","9,2","5,9","7,3","14,8","10,5","10,8",80,29,43,51,,,
4,"999,0","996,5","995,9","997,1","22,5","8,7","13,8","3,3","8,7","21,9","17,4","16,4",57,25,31,38,,,
5,"997,4","994,0","993,6","995,0","17,4","10,3","7,1","10,4","13,7","16,8","10,3","12,8",46,41,81,56,,,
6,"993,1","991,1","990,7","991,6","14,8","7,2","7,6","3,0","8,9","13,6","7,2","9,2",73,49,88,70,,,
7,"987,5","987,8","991,5","988,9","12,9","6,5","6,4","2,0","7,8","12,6","10,4","10,3",82,63,77,74,,,
8,"998,0","1001,6","1003,9","1001,2","10,4","6,3","4,1","6,4","7,0","8,5","7,6","7,7",95,92,93,93,,,
9,"1004,2","1002,6","1001,8","1002,9","13,5","5,0","8,5","2,9","5,5","12,6","9,4","9,2",94,68,88,83,,,
10,"997,8","996,2","997,8","997,3","9,7","4,0","5,7","0,4","4,2","8,8","6,1","6,3",96,80,90,89,,,
11,"1001,5","1001,5","1001,6","1001,5","7,9","3,0","4,9","0,1","4,0","7,2","7,4","6,5",70,62,67,66,,,
12,"999,4","999,6","1000,9","1000,0","7,4","3,9","3,5","2,4","3,9","7,0","4,5","5,0",76,68,91,78,,,
13,"1003,1","1005,9","1008,2","1005,7","10,4","3,9","6,5","3,7","4,0","9,3","8,2","7,4",88,65,71,75,,,
14,"1010,3","1010,0","1010,8","1010,4","12,3","4,5","7,8","2,9","4,6","10,9","8,9","8,3",85,53,58,65,,,
15,"1011,6","1010,4","1007,9","1010,0","14,4","3,4","11,0","-1,4","3,8","13,2","10,9","9,7",82,37,55,58,,,
16,"1008,6","1005,9","1003,0","1005,8","14,7","5,4","9,3","2,8","5,8","13,6","10,5","10,1",89,45,55,63,,,
17,"1004,0","1002,6","998,2","1001,6","15,1","4,7","10,4","1,0","4,8","14,0","10,6","10,0",63,29,43,45,,,
18,"994,6","989,9","992,2","992,2","19,8","7,0","12,8","2,9","8,2","19,2","13,4","13,6",61,32,59,51,,,
19,"993,9","997,1","996,8","995,9","13,4","9,3","4,1","9,4","10,3","10,2","9,3","9,8",92,87,88,89,,,
20,"996,6","996,6","996,9","996,7","20,3","7,9","12,4","3,6","10,0","20,0","14,4","14,7",69,47,65,60,,,
21,"996,2","994,6","994,5","995,1","25,4","12,3","13,1","6,7","12,7","24,2","18,6","18,5",70,38,49,52,,,
22,"996,0","995,6","997,3","996,3","26,0","14,5","11,5","11,0","16,2","25,2","19,0","19,9",51,30,47,43,,,
23,"1001,2","1001,6","1002,4","1001,7","24,2","14,4","9,8","8,6","14,8","23,1","18,1","18,5",62,40,38,47,,,
24,"1005,7","1005,6","1006,6","1006,0","24,5","13,2","11,3","5,6","14,1","23,9","17,6","18,3",60,30,44,45,,,
25,"1009,6","1007,4","1003,9","1007,0","17,6","7,1","10,5","6,0","7,3","16,0","12,4","12,0",79,43,54,59,,,
26,"1000,6","1004,0","1006,6","1003,7","12,5","6,4","6,1","1,6","7,2","8,6","7,4","7,7",77,49,47,58,,,
27,"1009,6","1008,5","1008,8","1009,0","14,1","1,3","12,8","-3,1","2,6","12,8","10,2","9,0",75,40,44,53,,,
28,"1009,6","1007,7","1007,2","1008,2","17,9","3,2","14,7","-2,5","5,2","16,8","11,4","11,2",65,33,52,50,,,
29,"1008,4","1007,1","1005,4","1007,0","21,9","6,8","15,1","0,0","9,2","20,8","15,5","15,3",60,31,40,44,,,
30,"1007,5","1007,8","1010,0","1008,4","21,5","9,7","11,8","2,3","10,6","20,4","14,9","15,2",64,40,51,52,,,
31,"1010,6","1008,1","1005,9","1008,2","20,2","8,3","11,9","1,5","11,4","19,0","14,8","15,0",63,43,55,54,,,
dek1,"997,1","996,5","997,8","997,1","15,1","6,4","8,7","4,3","8,1","13,2","9,6","10,1",75,56,73,68,,,
dek2,"1002,4","1002,0","1001,7","1002,0","13,6","5,3","8,3","2,7","5,9","12,5","9,8","9,5",78,53,65,65,,,
dek3,"1005,0","1004,4","1004,4","1004,6","20,5","8,8","11,7","3,4","10,1","19,2","14,5","14,6",66,38,47,51,,,
mes,"1001,6","1001,0","1001,4","1001,3","16,5","6,9","9,6","3,5","8,1","15,1","11,4","11,5",73,48,61,61,,,
1,"8,2","8,4","8,2","8,3",S,"4,4",NNW,"2,4",WNW,"4,4","3,7",-,10,10,8,"9,3",.,.,.
2,"6,2","4,3","7,4","6,0",S,"2,4",SSW,"0,8",SSE,"0,8","1,4",-,0,8,7,"5,0","2,4",.,.
3,"8,2","4,8","5,4","6,1",S,"2,4",NNW,"2,4",SE,"2,4","2,4",-,9,1,0,"3,3","0,4",.,.
4,"6,4","6,7","6,2","6,4",SSE,"4,4",S,"4,4",S,"4,4","4,4",-,1,1,3,"1,7","0,0",.,.
5,"7,2","7,9","10,2","8,4",S,"4,4",SSE,"4,4",W,"2,4","3,7",-,7,10,10,"9,0",.,.,.
6,"8,4","7,6","9,0","8,3",SSE,"2,4",W,"2,4",S,"2,4","2,4",-,9,7,0,"5,3","0,8",.,.
7,"8,7","9,3","9,7","9,2",ENE,"2,4",E,"2,4",ENE,"2,4","2,4",-,10,9,9,"9,3","1,8",.,.
8,"9,5","10,3","9,8","9,9",NNW,"2,4",NNE,"4,4",W,"2,4","3,0",-,10,10,9,"9,7","0,8",.,.
9,"8,5","10,0","10,4","9,6",C,"0,0",NNW,"2,4",ENE,"0,8","1,1",-,8,6,3,"5,7","7,6",.,.
10,"7,9","9,1","8,5","8,5",NW,"0,8",NNW,"2,4",NW,"2,4","1,9",-,5,10,6,"7,0",.,.,.
11,"5,7","6,3","6,9","6,3",NNW,"2,4",NNW,"4,4",WNW,"2,4","3,0",-,9,10,7,"8,7","0,1",.,.
12,"6,2","6,8","7,7","6,9",NW,"2,4",WNW,"2,4",NNW,"2,4","2,4",-,7,10,10,"9,0",.,.,.
13,"7,2","7,7","7,8","7,6",N,"0,8",WNW,"2,4",WNW,"2,4","1,9",-,10,9,10,"9,7","3,9",.,.
14,"7,2","6,9","6,6","6,9",WNW,"2,4",N,"2,4",ENE,"0,8","1,9",-,7,8,7,"7,3",.,.,.
15,"6,6","5,6","7,1","6,4",NW,"0,8",NNW,"4,4",WNW,"0,8","2,0",-,0,5,9,"4,7",.,.,.
16,"8,2","7,0","7,0","7,4",NW,"0,8",WNW,"4,4",WNW,"2,4","2,5",-,0,6,0,"2,0",.,.,.
17,"5,4","4,7","5,5","5,2",N,"0,8",NNW,"2,4",SSE,"2,4","1,9",-,4,1,0,"1,7",.,.,.
18,"6,6","7,1","9,2","7,6",WSW,"0,8",WNW,"2,4",ENE,"2,4","1,9",-,6,10,10,"8,7",.,.,.
19,"11,5","10,8","10,3","10,9",NNW,"2,4",W,"2,4",WNW,"0,8","1,9",-,10,10,8,"9,3","6,2",.,.
20,"8,4","11,0","10,7","10,0",SSW,"0,8",NW,"2,4",SSE,"2,4","1,9",-,3,5,0,"2,7","3,0",.,.
21,"10,3","11,6","10,6","10,8",SSE,"2,4",NW,"2,4",SSE,"2,4","2,4",-,2,3,0,"1,7",.,.,.
22,"9,4","9,6","10,3","9,8",SSE,"2,4",ESE,"2,4",SSE,"4,4","3,0",-,0,0,4,"1,3",.,.,.
23,"10,4","11,3","7,9","9,9",SSE,"0,8",ENE,"2,4",SE,"4,4","2,5",-,5,7,2,"4,7",.,.,.
24,"9,7","8,8","8,9","9,1",W,"2,4",NNW,"2,4",NNE,"2,4","2,4",-,1,5,4,"3,3",.,.,.
25,"8,1","7,8","7,8","7,9",NNW,"0,8",N,"2,4",NE,"0,8","1,4",-,2,5,0,"2,3",.,.,.
26,"7,8","5,4","4,9","6,0",WNW,"2,4",NW,"2,4",NE,"2,4","2,4",-,9,7,4,"6,7",.,.,.
27,"5,5","5,9","5,5","5,6",ENE,"0,8",NNE,"2,4",N,"0,8","1,4",-,1,3,0,"1,3","0,0",.,.
28,"5,7","6,3","7,1","6,4",W,"0,8",NNW,"2,4",NW,"0,8","1,4",-,0,0,0,"0,0",.,.,.
29,"7,0","7,6","7,0","7,2",W,"0,8",NW,"2,4",WSW,"0,8","1,4",-,0,0,0,"0,0",.,.,.
30,"8,2","9,5","8,7","8,8",W,"2,4",NE,"2,4",E,"2,4","2,4",-,0,6,1,"2,3",.,.,.
31,"8,4","9,5","9,2","9,0",SSE,"4,4",SE,"2,4",SE,"4,4","3,7",-,0,4,0,"1,3",.,.,.
dek1,"7,9","7,8","8,5","8,1","2,6","2,8","2,5","2,6",-,"6,9","7,2","5,5","6,5","13,8",,,,,
dek2,"7,3","7,4","7,9","7,5","1,5","3,0","1,9","2,1",-,"5,6","7,4","6,1","6,4","13,2",,,,,
dek3,"8,2","8,5","8,0","8,2","1,9","2,4","2,4","2,1",-,"1,8","3,6","1,4","2,3","0,0",,,,,
mes,"7,8","7,9","8,1","7,9","2,0","2,7","2,3","2,3",-,"4,7","6,0","4,2","5,0","27,0",,,,,
Д,Напон,водене,паре,Правац,и,брзина,ветра,Инсо-,Облачност,Пада-,Снег,Појаве,,,,,,,
а,(mb),(m/s),лација,у,десетинама,вине,(сm),,,,,,,,,,,,
н,07,14,21,ср.,07,14,21,ср.,(h),07,14,21,ср.,(mm),У,Н,,,
Д,Ваздушни,притисак,у,mb,Температура,ваздуха,у,°,C,Релативна,влажност,,,,,,,,
а,Екстреми,мин,Терминске,Термини,,,,,,,,,,,,,,,
н,07,14,21,ср.,мах,мин,амп,5сm,07,14,21,ср.,07,14,21,ср.,,,
БЕОГРАД,ширина,"44°48',",дужина,"20°28',",висина,132m,АПРИЛ,2017,,,,,,,,,,,
1,"1003,1","1000,8","1000,3","1001,4","24,9","10,4","14,5","7,4","11,4","24,1","16,8","17,3",66,30,39,45,,,
2,"1002,6","1001,5","1001,7","1001,9","24,5","12,8","11,7","5,5","15,0","24,2","17,7","18,7",40,27,29,32,,,
3,"1001,7","1000,2","999,5","1000,5","24,5","13,6","10,9","9,9","14,8","24,0","18,2","18,8",37,21,33,30,,,
4,"1000,0","1000,7","1001,2","1000,6","18,2","11,8","6,4","4,8","12,9","13,8","11,8","12,6",58,67,72,66,,,
5,"1000,1","999,3","999,0","999,5","16,4","9,6","6,8","7,5","10,3","15,4","11,1","12,0",94,57,89,80,,,
6,"996,7","998,3","1002,4","999,1","15,0","8,9","6,1","6,0","10,0","13,4","9,4","10,6",90,45,50,62,,,
7,"1002,1","1000,2","1001,3","1001,2","11,6","5,4","6,2","3,4","6,6","10,6","7,2","7,9",66,55,89,70,,,
8,"1002,8","1003,9","1007,0","1004,6","16,0","6,9","9,1","6,7","8,6","14,1","12,4","11,9",85,69,65,73,,,
9,"1010,2","1010,1","1009,3","1009,9","19,7","6,5","13,2","3,5","8,3","18,7","12,6","13,1",81,37,56,58,,,
10,"1008,0","1004,4","1001,7","1004,7","21,1","7,4","13,7","2,0","11,0","20,6","15,0","15,4",64,38,54,52,,,
11,"999,9","1000,7","1004,5","1001,7","23,3","8,8","14,5","3,2","11,6","15,2","13,0","13,2",65,79,51,65,,,
12,"1007,1","1004,3","1000,9","1004,1","16,5","6,5","10,0","2,9","7,7","15,5","11,6","11,6",65,38,53,52,,,
13,"997,2","993,9","996,7","995,9","23,4","7,4","16,0","2,4","10,8","22,6","16,4","16,6",61,26,48,45,,,
14,"1000,4","1000,0","999,8","1000,1","19,5","11,4","8,1","10,5","11,8","18,3","13,0","14,0",53,36,55,48,,,
15,"999,6","997,2","997,8","998,2","21,0","9,2","11,8","3,8","13,6","20,0","14,8","15,8",50,41,54,48,,,
16,"997,2","997,9","998,2","997,8","15,2","10,6","4,6","3,0","12,4","11,6","10,6","11,3",90,86,85,87,,,
17,"999,9","999,0","998,5","999,1","13,5","5,3","8,2","1,5","6,2","12,4","8,4","8,8",68,42,58,56,,,
18,"997,3","995,3","995,1","995,9","17,4","5,4","12,0","-0,6","9,6","16,4","9,9","11,5",52,28,70,50,,,
19,"993,7","997,8","999,3","996,9","9,9","2,0","7,9","2,3","2,0","4,8","3,4","3,4",97,86,80,88,,,
20,"997,9","1001,3","1004,6","1001,3","6,5","1,9","4,6","1,2","2,0","4,1","3,8","3,4",92,90,94,92,,,
21,"1009,6","1010,3","1010,3","1010,1","7,5","1,8","5,7","1,8","3,2","7,1","4,3","4,7",74,61,72,69,,,
22,"1007,4","1003,4","1000,8","1003,9","13,9","2,0","11,9","-2,6","4,9","11,8","10,6","9,5",60,46,55,54,,,
23,"1002,9","1004,0","1006,4","1004,4","11,0","4,9","6,1","3,0","6,1","10,0","7,3","7,7",90,66,72,76,,,
24,"1007,9","1005,8","1003,1","1005,6","17,0","3,2","13,8","-0,8","7,0","16,0","12,0","11,8",65,33,48,49,,,
25,"1001,6","998,8","998,2","999,5","24,2","9,3","14,9","3,7","13,6","23,4","15,8","17,2",51,34,49,45,,,
26,"999,4","996,4","996,8","997,5","25,0","11,0","14,0","3,5","15,4","23,9","17,4","18,5",46,23,52,40,,,
27,"996,4","995,9","995,2","995,8","28,1","15,4","12,7","8,8","18,9","27,6","20,7","22,0",43,30,51,41,,,
28,"993,9","992,0","993,6","993,2","24,7","19,5","5,2","14,0","19,8","24,2","20,5","21,3",41,35,45,40,,,
29,"1000,1","1001,3","1003,1","1001,5","20,6","7,2","13,4","10,0","9,2","9,3","7,2","8,2",85,81,91,86,,,
30,"1003,4","1001,5","1000,4","1001,8","16,5","4,2","12,3","1,9","7,6","15,4","13,9","12,7",74,49,58,60,,,
dek1,"1002,7","1001,9","1002,3","1002,3","19,2","9,3","9,9","5,7","10,9","17,9","13,2","13,8",68,45,58,57,,,
dek2,"999,0","998,7","999,5","999,1","16,6","6,9","9,8","3,0","8,8","14,1","10,5","11,0",69,55,65,63,,,
dek3,"1002,3","1000,9","1000,8","1001,3","18,9","7,9","11,0","4,3","10,6","16,9","13,0","13,4",63,46,59,56,,,
mes,"1001,3","1000,5","1000,9","1000,9","18,2","8,0","10,2","4,3","10,1","16,3","12,2","12,7",67,49,61,59,,,
1,"8,9","8,9","7,5","8,4",SSE,"4,4",SSE,"2,4",SSE,"6,7","4,5",-,0,0,0,"0,0",.,.,.
2,"6,9","8,3","5,8","7,0",SSE,"4,4",ESE,"2,4",ESE,"4,4","3,7",-,0,0,0,"0,0",.,.,.
3,"6,2","6,3","6,8","6,4",SE,"6,7",SSE,"4,4",SE,"2,4","4,5",-,0,5,8,"4,3",.,.,.
4,"8,6","10,7","9,9","9,7",SSE,"2,4",ESE,"4,4",SE,"4,4","3,7",-,8,9,7,"8,0",.,.,.
5,"11,8","10,1","11,7","11,2",SSE,"0,8",WSW,"2,4",W,"2,4","1,9",-,7,7,9,"7,7","0,0",.,.
6,"11,1","6,9","5,9","8,0",WNW,"2,4",N,"6,7",NNW,"2,4","3,8",-,10,9,4,"7,7","7,1",.,.
7,"6,4","7,1","9,1","7,5",WNW,"2,4",WNW,"4,4",WNW,"4,4","3,7",-,6,7,10,"7,7","2,4",.,.
8,"9,5","11,1","9,4","10,0",WNW,"4,4",NNW,"2,4",W,"2,4","3,0",-,9,8,6,"7,7","1,5",.,.
9,"8,9","8,1","8,2","8,4",WSW,"2,4",NNW,"2,4",SE,"0,8","1,9",-,0,4,0,"1,3","0,4",.,.
10,"8,4","9,2","9,2","8,9",SSE,"2,4",NE,"2,4",SSE,"2,4","2,4",-,0,1,0,"0,3",.,.,.
11,"8,9","13,7","7,7","10,1",SSE,"0,8",NE,"2,4",NNW,"2,4","1,9",-,0,9,5,"4,7",.,.,.
12,"6,8","6,7","7,2","6,9",WNW,"0,8",NNE,"2,4",SE,"2,4","1,9",-,3,3,0,"2,0","2,0",.,.
13,"7,9","7,2","8,9","8,0",SE,"0,8",S,"0,8",NE,"2,4","1,4",-,0,1,9,"3,3",.,.,.
14,"7,4","7,5","8,3","7,7",N,"0,8",W,"0,8",ESE,"2,4","1,4",-,10,4,0,"4,7","0,1",.,.
15,"7,9","9,7","9,1","8,9",SE,"2,4",ENE,"4,4",NE,"2,4","3,0",-,5,5,10,"6,7",.,.,.
16,"13,0","11,8","10,9","11,9",SSW,"0,8",ENE,"0,8",W,"0,8","0,8",-,9,10,7,"8,7","5,0",.,.
17,"6,4","6,0","6,3","6,2",W,"0,8",NNW,"2,4",S,"0,8","1,4",-,6,10,0,"5,3","2,4",.,.
18,"6,2","5,2","8,5","6,6",SSE,"0,8",E,"0,8",NE,"2,4","1,4",-,0,6,10,"5,3",.,.,.
19,"6,8","7,4","6,2","6,8",W,"4,4",W,"2,4",WSW,"2,4","3,0",-,10,10,5,"8,3","13,6",.,0
20,"6,5","7,3","7,5","7,1",W,"0,8",NW,"2,4",NNW,"2,4","1,9",-,10,10,10,"10,0","3,0",.,0
21,"5,7","6,2","6,0","6,0",NNW,"2,4",WNW,"2,4",SSW,"0,8","1,9",-,10,10,6,"8,7","7,9",.,0
22,"5,2","6,4","7,1","6,2",WSW,"2,4",W,"2,4",WSW,"0,8","1,9",-,6,10,10,"8,7",.,.,.
23,"8,5","8,2","7,3","8,0",NNW,"2,4",W,"4,4",W,"2,4","3,0",-,10,8,0,"6,0","0,5",.,.
24,"6,5","5,9","6,7","6,4",SSW,"0,8",WSW,"0,8",SE,"2,4","1,4",-,4,3,0,"2,3","3,5",.,.
25,"8,0","9,7","8,7","8,8",SSE,"2,4",S,"2,4",S,"2,4","2,4",-,4,5,0,"3,0",.,.,.
26,"8,1","6,9","10,3","8,4",SSE,"2,4",S,"2,4",S,"2,4","2,4",-,3,4,1,"2,7",.,.,.
27,"9,4","11,0","12,4","10,9",SSE,"2,4",SW,"0,8",S,"0,8","1,4",-,5,1,6,"4,0",.,.,.
28,"9,5","10,6","10,8","10,3",SSE,"4,4",SSE,"4,4",WNW,"0,8","3,2",-,10,9,10,"9,7","0,0",.,.
29,"9,9","9,5","9,2","9,5",NNW,"2,4",NNW,"2,4",W,"2,4","2,4",-,10,10,10,"10,0","0,2",.,.
30,"7,8","8,5","9,2","8,5",SW,"0,8",NE,"0,8",NNE,"2,4","1,4",-,0,5,7,"4,0","2,2",.,.
dek1,"8,7","8,7","8,4","8,6","3,3","3,4","3,3","3,3",-,"4,0","5,0","4,4","4,5","11,4",,,,,
dek2,"7,8","8,3","8,1","8,0","1,3","2,0","2,1","1,7",-,"5,3","6,8","5,6","5,9","26,1",,,,,
dek3,"7,9","8,3","8,8","8,3","2,3","2,3","1,8","2,0",-,"6,2","6,5","5,0","5,9","14,3",,,,,
mes,"8,1","8,4","8,4","8,3","2,3","2,6","2,4","2,3",-,"5,2","6,1","5,0","5,4","51,8",,,,,
Д,Напон,водене,паре,Правац,и,брзина,ветра,Инсо-,Облачност,Пада-,Снег,Појаве,,,,,,,
а,(mb),(m/s),лација,у,десетинама,вине,(сm),,,,,,,,,,,,
н,07,14,21,ср.,07,14,21,ср.,(h),07,14,21,ср.,(mm),У,Н,,,
Д,Ваздушни,притисак,у,mb,Температура,ваздуха,у,°,C,Релативна,влажност,,,,,,,,
а,Екстреми,мин,Терминске,Термини,,,,,,,,,,,,,,,
н,07,14,21,ср.,мах,мин,амп,5сm,07,14,21,ср.,07,14,21,ср.,,,
БЕОГРАД,ширина,"44°48',",дужина,"20°28',",висина,132m,МАЈ,2017,,,,,,,,,,,
1,"999,5","997,2","997,3","998,0","22,8","10,9","11,9","7,1","12,8","21,7","14,7","16,0",68,52,76,65,,,
2,"999,5","999,9","1000,4","999,9","24,9","14,6","10,3","13,2","17,5","24,1","20,3","20,6",66,44,56,55,,,
3,"1000,3","999,0","1000,5","999,9","25,3","14,6","10,7","11,0","18,0","24,0","18,3","19,7",64,49,68,60,,,
4,"1001,3","1000,1","999,0","1000,1","22,3","14,3","8,0","13,9","14,4","21,0","17,5","17,6",89,52,86,76,,,
5,"998,0","998,6","998,8","998,5","21,6","11,6","10,0","11,3","16,4","14,6","11,6","13,6",86,81,91,86,,,
6,"999,0","999,1","995,2","997,8","17,6","11,5","6,1","11,0","13,0","17,1","14,9","15,0",95,73,85,84,,,
7,"991,0","990,8","992,0","991,3","16,3","13,0","3,3","12,6","13,2","15,8","13,9","14,2",94,84,93,90,,,
8,"991,6","992,2","992,7","992,2","19,6","13,0","6,6","12,4","14,4","18,0","14,2","15,2",89,58,88,78,,,
9,"992,7","992,8","996,6","994,0","18,8","10,7","8,1","7,1","13,1","16,8","12,2","13,6",72,53,72,66,,,
10,"999,6","999,2","998,2","999,0","16,2","5,9","10,3","4,3","7,3","15,2","11,8","11,5",59,38,55,51,,,
11,"997,1","995,6","992,4","995,0","24,9","9,5","15,4","4,3","15,8","23,8","19,9","19,9",58,34,45,46,,,
12,"993,8","991,6","991,7","992,4","27,3","14,3","13,0","13,4","14,8","26,8","21,4","21,1",87,40,68,65,,,
13,"995,2","995,7","999,1","996,7","24,2","14,8","9,4","14,6","14,8","23,0","18,0","18,5",94,53,76,74,,,
14,"1001,8","1003,1","1005,2","1003,4","24,0","14,6","9,4","10,3","17,6","19,2","16,4","17,4",75,78,92,82,,,
15,"1007,6","1008,3","1009,0","1008,3","25,0","12,5","12,5","8,4","16,2","23,6","18,2","19,1",88,51,69,69,,,
16,"1010,0","1008,0","1007,5","1008,5","25,5","13,8","11,7","10,8","14,7","24,6","20,4","20,0",93,39,56,63,,,
17,"1007,0","1005,2","1005,6","1005,9","24,0","15,1","8,9","11,5","16,4","23,2","17,2","18,5",75,48,64,62,,,
18,"1005,7","1003,2","1001,6","1003,5","24,9","13,3","11,6","8,7","17,6","24,2","18,0","19,5",63,36,56,52,,,
19,"999,8","997,9","997,6","998,4","27,9","13,6","14,3","9,6","17,0","27,2","21,1","21,6",53,19,40,37,,,
20,"997,3","996,1","997,0","996,8","27,3","14,9","12,4","11,2","18,7","24,8","17,4","19,6",55,45,71,57,,,
21,"997,8","998,9","999,3","998,7","25,3","12,9","12,4","13,2","13,2","23,8","21,4","20,0",96,53,56,68,,,
22,"1001,1","1000,4","1000,1","1000,5","24,6","15,3","9,3","14,6","16,6","23,6","19,9","20,0",76,52,67,65,,,
23,"1001,3","1000,9","1001,6","1001,3","24,4","15,8","8,6","12,4","18,0","20,2","16,4","17,8",80,76,83,80,,,
24,"1001,6","998,9","999,2","999,9","23,0","15,2","7,8","13,9","16,2","22,2","16,0","17,6",88,59,94,80,,,
25,"1000,9","1000,7","1000,3","1000,6","19,5","13,0","6,5","12,0","13,9","18,1","15,9","16,0",69,53,70,64,,,
26,"1000,6","999,7","1000,0","1000,1","23,7","13,2","10,5","12,6","13,8","21,6","19,4","18,6",86,48,53,62,,,
27,"1001,6","1001,8","1004,2","1002,5","24,1","14,0","10,1","11,6","16,0","20,7","18,5","18,4",70,50,64,61,,,
28,"1006,2","1006,2","1006,8","1006,4","25,4","13,0","12,4","10,5","14,7","23,2","19,1","19,0",75,47,60,61,,,
29,"1005,0","1002,1","1000,6","1002,6","26,8","15,1","11,7","10,4","19,4","26,2","20,8","21,8",55,39,52,49,,,
30,"1000,3","999,8","999,9","1000,0","28,5","15,5","13,0","10,7","20,9","28,0","21,8","23,1",66,35,55,52,,,
31,"1001,6","1001,6","1001,4","1001,5","30,4","17,5","12,9","13,8","20,5","29,6","24,8","24,9",63,35,60,53,,,
dek1,"997,3","996,9","997,1","997,1","20,5","12,0","8,5","10,4","14,0","18,8","14,9","15,7",78,58,77,71,,,
dek2,"1001,5","1000,5","1000,7","1000,9","25,5","13,6","11,9","10,3","16,4","24,0","18,8","19,5",74,44,64,61,,,
dek3,"1001,6","1001,0","1001,2","1001,3","25,1","14,6","10,5","12,3","16,7","23,4","19,5","19,7",75,50,65,63,,,
mes,"1000,2","999,5","999,7","999,8","23,7","13,5","10,3","11,0","15,7","22,1","17,8","18,4",76,51,68,65,,,
1,"10,1","13,5","12,7","12,1",SE,"0,8",SSE,"4,4",SE,"4,4","3,2",-,4,3,3,"3,3",.,.,.
2,"13,2","13,3","13,3","13,3",SE,"2,4",N,"0,8",ESE,"2,4","1,9",-,8,9,0,"5,7",.,.,.
3,"13,3","14,7","14,3","14,1",SSE,"2,4",W,"2,4",S,"0,8","1,9",-,7,9,9,"8,3","0,0",.,.
4,"14,6","12,9","17,2","14,9",W,"0,8",NE,"0,8",NE,"2,4","1,4",-,9,4,3,"5,3","0,2",.,.
5,"16,1","13,4","12,4","14,0",E,"0,8",NNW,"0,8",SW,"0,8","0,8",-,4,10,7,"7,0","1,8",.,.
6,"14,2","14,3","14,4","14,3",W,"2,4",S,"0,8",ESE,"2,4","1,9",-,10,8,9,"9,0","2,4",.,.
7,"14,2","15,2","14,7","14,7",SW,"0,8",WSW,"0,8",W,"0,8","0,8",-,10,9,9,"9,3","4,1",.,.
8,"14,6","12,0","14,2","13,6",WNW,"2,4",WNW,"2,4",NNE,"0,8","1,9",-,7,7,3,"5,7","12,5",.,.
9,"10,8","10,2","10,2","10,4",NNE,"2,4",N,"2,4",NW,"2,4","2,4",-,6,9,9,"8,0",.,.,.
10,"6,1","6,6","7,7","6,8",W,"2,4",W,"2,4",ESE,"0,8","1,9",-,1,2,0,"1,0","0,2",.,.
11,"10,4","10,2","10,6","10,4",SSE,"2,4",S,"2,4",SE,"4,4","3,0",-,0,9,9,"6,0",.,.,.
12,"14,6","14,0","17,2","15,3",ESE,"4,4",W,"2,4",ESE,"0,8","2,5",-,9,5,9,"7,7","3,6",.,.
13,"15,8","15,0","15,8","15,5",W,"0,8",W,"2,4",SSW,"0,8","1,4",-,10,4,0,"4,7","12,4",.,.
14,"15,2","17,4","17,2","16,6",W,"2,4",S,"0,8",SE,"0,8","1,4",-,1,9,0,"3,3","2,1",.,.
15,"16,3","14,9","14,4","15,2",W,"0,8",NE,"2,4",N,"0,8","1,4",-,3,6,0,"3,0","18,8",.,.
16,"15,5","12,0","13,4","13,6",W,"2,4",NW,"2,4",N,"0,8","1,9",-,10,6,5,"7,0",.,.,.
17,"14,0","13,5","12,5","13,3",NW,"0,8",NNW,"0,8",SE,"2,4","1,4",-,1,5,3,"3,0",.,.,.
18,"12,7","10,9","11,6","11,7",SE,"2,4",SSE,"4,4",SE,"0,8","2,5",-,1,2,0,"1,0","1,5",.,.
19,"10,4","7,0","10,1","9,2",SE,"2,4",SSE,"2,4",SSE,"2,4","2,4",-,3,3,0,"2,0",.,.,.
20,"11,9","14,2","14,1","13,4",S,"0,8",W,"2,4",W,"4,4","2,5",-,4,6,8,"6,0",.,.,.
21,"14,5","15,6","14,4","14,8",W,"0,8",NE,"2,4",NNW,"2,4","1,9",-,10,4,4,"6,0","11,3",.,.
22,"14,4","15,2","15,6","15,1",WNW,"2,4",NW,"2,4",WSW,"0,8","1,9",-,9,5,8,"7,3",.,.,.
23,"16,5","18,0","15,4","16,6",WSW,"0,8",NNW,"2,4",SSE,"2,4","1,9",-,9,9,9,"9,0",.,.,.
24,"16,3","15,7","17,1","16,4",SW,"0,8",W,"2,4",ESE,"0,8","1,4",-,7,5,9,"7,0","3,1",.,.
25,"10,9","11,1","12,7","11,6",NW,"2,4",NW,"2,4",W,"0,8","1,9",-,8,9,7,"8,0","11,6",.,.
26,"13,6","12,5","12,0","12,7",W,"0,8",WNW,"2,4",NNW,"0,8","1,4",-,9,6,6,"7,0",.,.,.
27,"12,8","12,2","13,7","12,9",W,"2,4",NNW,"6,7",NNW,"0,8","3,3",-,5,9,4,"6,0",.,.,.
28,"12,5","13,3","13,3","13,0",W,"0,8",NNE,"2,4",SE,"0,8","1,4",-,0,5,0,"1,7","0,5",.,.
29,"12,4","13,2","12,8","12,8",SE,"2,4",SSE,"2,4",SE,"0,8","1,9",-,0,4,0,"1,3",.,.,.
30,"16,4","13,2","14,5","14,7",WNW,"0,8",WSW,"2,4",SE,"0,8","1,4",-,1,3,0,"1,3",.,.,.
31,"15,2","14,4","18,9","16,2",SSW,"0,8",WSW,"2,4",S,"0,8","1,4",-,4,1,1,"2,0",.,.,.
dek1,"12,7","12,6","13,1","12,8","1,8","1,8","1,8","1,8",-,"6,6","7,0","5,2","6,3","21,2",,,,,
dek2,"13,7","12,9","13,7","13,4","2,0","2,3","1,9","1,9",-,"4,2","5,5","3,4","4,4","38,4",,,,,
dek3,"14,1","14,0","14,6","14,3","1,4","2,8","1,1","1,7",-,"5,6","5,5","4,4","5,1","26,5",,,,,
mes,"13,5","13,2","13,8","13,5","1,7","2,3","1,6","1,8",-,"5,5","6,0","4,3","5,3","86,1",,,,,
Д,Напон,водене,паре,Правац,и,брзина,ветра,Инсо-,Облачност,Пада-,Снег,Појаве,,,,,,,
а,(mb),(m/s),лација,у,десетинама,вине,(сm),,,,,,,,,,,,
н,07,14,21,ср.,07,14,21,ср.,(h),07,14,21,ср.,(mm),У,Н,,,
Д,Ваздушни,притисак,у,mb,Температура,ваздуха,у,°,C,Релативна,влажност,,,,,,,,
а,Екстреми,мин,Терминске,Термини,,,,,,,,,,,,,,,
н,07,14,21,ср.,мах,мин,амп,5сm,07,14,21,ср.,07,14,21,ср.,,,
БЕОГРАД,ширина,"44°48',",дужина,"20°28',",висина,132m,ЈУНИ,2017,,,,,,,,,,,
1,"1002,8","1001,9","1003,0","1002,6","29,4","20,3","9,1","18,6","21,4","28,8","23,0","24,1",78,47,75,67,,,
2,"1003,0","1000,7","1000,5","1001,4","29,5","19,0","10,5","18,2","21,6","28,8","22,2","23,7",80,37,67,61,,,
3,"1000,3","999,1","998,7","999,4","29,8","19,2","10,6","17,4","20,1","28,2","23,0","23,6",72,36,44,51,,,
4,"998,7","996,6","997,0","997,4","30,0","19,5","10,5","17,3","22,6","29,0","24,4","25,1",64,45,57,55,,,
5,"998,9","998,2","997,2","998,1","27,0","20,0","7,0","17,2","21,0","26,1","22,7","23,1",75,63,71,70,,,
6,"995,7","993,4","993,4","994,2","31,2","20,0","11,2","17,0","23,0","30,3","25,8","26,2",71,44,60,58,,,
7,"997,0","998,8","1001,0","998,9","25,8","17,4","8,4","18,3","23,3","22,0","17,4","20,0",68,71,90,76,,,
8,"1003,8","1003,7","1003,2","1003,6","23,3","13,1","10,2","12,2","14,7","23,0","19,4","19,1",84,45,53,61,,,
9,"1003,4","1001,3","1001,0","1001,9","25,7","13,2","12,5","10,1","16,9","24,6","20,6","20,7",68,37,49,51,,,
10,"1001,4","1001,4","1002,2","1001,7","26,8","14,8","12,0","10,6","20,1","25,9","21,0","22,0",59,36,60,52,,,
11,"1003,3","1002,8","1002,6","1002,9","25,6","15,0","10,6","12,9","17,7","24,1","21,4","21,2",73,43,55,57,,,
12,"1002,5","999,8","997,8","1000,0","29,5","16,5","13,0","13,7","20,3","29,2","24,0","24,4",60,36,59,52,,,
13,"999,2","999,3","998,0","998,8","30,1","19,1","11,0","15,8","21,6","29,0","25,6","25,5",65,38,50,51,,,
14,"999,3","1000,0","1000,6","1000,0","25,6","19,9","5,7","16,8","22,3","23,7","21,2","22,1",71,64,71,69,,,
15,"1002,2","1001,6","1000,9","1001,6","28,0","15,6","12,4","11,1","19,0","27,4","23,0","23,1",74,32,40,49,,,
16,"1000,9","998,9","999,0","999,6","29,5","16,1","13,4","11,5","20,9","28,6","22,6","23,7",56,31,60,49,,,
17,"1000,0","999,3","1000,8","1000,0","23,5","17,3","6,2","16,3","19,2","22,9","17,7","19,4",80,33,54,56,,,
18,"1001,8","1001,7","1002,4","1002,0","19,0","14,3","4,7","13,4","14,3","16,2","16,7","16,0",73,91,92,85,,,
19,"1005,5","1004,3","1004,0","1004,6","28,5","15,4","13,1","11,9","17,0","27,6","22,6","22,5",90,34,53,59,,,
20,"1004,2","1001,7","1000,2","1002,0","31,0","17,2","13,8","14,1","20,4","30,7","24,2","24,9",68,31,55,51,,,
21,"999,4","997,7","999,6","998,9","33,0","19,8","13,2","14,1","23,7","32,4","21,3","24,7",60,25,91,59,,,
22,"1000,9","1000,0","999,2","1000,0","33,4","19,0","14,4","15,5","22,6","32,8","27,1","27,4",72,36,52,53,,,
23,"998,6","997,2","998,0","997,9","35,0","23,7","11,3","20,8","27,4","34,1","24,4","27,6",53,34,64,50,,,
24,"1000,6","999,9","999,5","1000,0","32,7","20,9","11,8","18,8","22,8","32,3","26,6","27,1",71,30,47,49,,,
25,"998,7","996,3","995,1","996,7","36,0","22,0","14,0","17,5","27,6","35,6","28,8","30,2",50,29,40,40,,,
26,"998,7","998,0","998,2","998,3","28,8","20,4","8,4","19,2","21,2","26,8","24,5","24,3",84,56,57,66,,,
27,"998,0","995,8","994,1","996,0","32,6","19,0","13,6","15,5","25,0","31,8","27,1","27,8",61,37,49,49,,,
28,"992,6","990,5","989,0","990,7","35,1","22,7","12,4","18,9","26,0","35,1","30,0","30,3",56,32,44,44,,,
29,"988,0","988,1","992,0","989,4","35,7","26,4","9,3","22,2","28,4","35,4","27,1","29,5",43,21,47,37,,,
30,"995,8","995,3","995,3","995,5","35,3","21,7","13,6","16,4","27,2","35,0","26,7","28,9",41,23,51,38,,,
dek1,"1000,5","999,5","999,7","999,9","27,9","17,7","10,2","15,7","20,5","26,7","22,0","22,8",72,46,63,60,,,
dek2,"1001,9","1000,9","1000,6","1001,2","27,0","16,6","10,4","13,8","19,3","25,9","21,9","22,3",71,43,59,58,,,
dek3,"997,1","995,9","996,0","996,3","33,8","21,6","12,2","17,9","25,2","33,1","26,4","27,8",59,32,54,49,,,
mes,"999,8","998,8","998,8","999,1","29,5","18,6","10,9","15,8","21,6","28,6","23,4","24,3",67,41,59,56,,,
1,"20,0","18,8","21,0","19,9",W,"0,8",NNW,"0,8",C,"0,0","0,6",-,9,6,4,"6,3","0,0",.,.
2,"20,7","14,6","17,8","17,7",WSW,"0,8",WNW,"2,4",S,"0,8","1,4",-,5,5,4,"4,7","3,5",.,.
3,"16,9","13,8","12,4","14,4",W,"0,8",NNE,"2,4",SE,"2,4","1,9",-,6,7,4,"5,7",.,.,.
4,"17,6","18,2","17,6","17,8",SE,"2,4",ESE,"4,4",SE,"2,4","3,0",-,0,3,0,"1,0",.,.,.
5,"18,7","21,5","19,7","20,0",WSW,"2,4",WSW,"0,8",S,"0,8","1,4",-,6,6,6,"6,0",.,.,.
6,"19,9","19,1","20,0","19,7",SE,"2,4",S,"2,4",SE,"2,4","2,4",-,1,4,6,"3,7",.,.,.
7,"19,5","18,8","18,0","18,8",W,"0,8",N,"0,8",WNW,"2,4","1,4",-,8,10,10,"9,3",.,.,.
8,"14,0","12,8","12,0","12,9",W,"0,8",NNW,"2,4",W,"0,8","1,4",-,6,4,5,"5,0","35,6",.,.
9,"13,0","11,5","11,9","12,1",W,"0,8",NNE,"2,4",ENE,"0,8","1,4",-,0,1,0,"0,3",.,.,.
10,"14,0","12,1","14,8","13,6",ENE,"0,8",NE,"0,8",N,"2,4","1,4",-,2,9,8,"6,3",.,.,.
11,"14,9","12,9","14,0","13,9",NNW,"2,4",NW,"2,4",C,"0,0","1,6",-,0,2,0,"0,7",.,.,.
12,"14,2","14,5","17,6","15,4",WSW,"0,8",S,"2,4",SE,"0,8","1,4",-,0,5,0,"1,7",.,.,.
13,"16,7","15,3","16,4","16,1",WSW,"0,8",NNW,"2,4",NE,"2,4","1,9",-,9,5,2,"5,3",.,.,.
14,"19,2","18,8","17,9","18,6",NNW,"0,8",WSW,"2,4",W,"0,8","1,4",-,8,8,0,"5,3",.,.,.
15,"16,2","11,6","11,2","13,0",WSW,"2,4",NW,"2,4",NNE,"0,8","1,9",-,1,2,0,"1,0","1,0",.,.
16,"13,8","12,2","16,6","14,2",W,"0,8",NNE,"2,4",W,"2,4","1,9",-,1,2,10,"4,3",.,.,.
17,"17,7","9,4","10,9","12,7",W,"0,8",NNW,"4,4",NNW,"2,4","2,5",-,9,8,8,"8,3","0,2",.,.
18,"11,9","16,8","17,6","15,4",NW,"0,8",NW,"2,4",WSW,"2,4","1,9",-,9,10,10,"9,7","0,0",.,.
19,"17,5","12,6","14,5","14,9",WSW,"0,8",N,"2,4",SSE,"0,8","1,4",-,6,4,0,"3,3","3,2",.,.
20,"16,4","13,9","16,5","15,6",WSW,"0,8",NNW,"0,8",SSE,"0,8","0,8",-,1,4,0,"1,7",.,.,.
21,"17,6","12,4","23,0","17,7",C,"0,0",WNW,"0,8",ESE,"0,8","0,6",-,0,1,10,"3,7",.,.,.
22,"19,8","17,8","18,6","18,7",WSW,"2,4",WSW,"2,4",SSE,"0,8","1,9",-,0,2,0,"0,7","7,8",.,.
23,"19,3","18,3","19,6","19,1",WSW,"0,8",W,"2,4",SW,"2,4","1,9",-,6,6,8,"6,7",.,.,.
24,"19,6","14,5","16,5","16,9",WNW,"2,4",NNW,"2,4",SSE,"0,8","1,9",-,3,3,0,"2,0","0,2",.,.
25,"18,5","16,9","15,8","17,1",SSE,"2,4",SE,"2,4",SE,"2,4","2,4",-,0,0,8,"2,7",.,.,.
26,"21,1","19,9","17,7","19,6",NW,"0,8",W,"2,4",NW,"0,8","1,4",-,9,6,0,"5,0","1,5",.,.
27,"19,2","17,2","17,6","18,0",W,"0,8",ESE,"2,4",SSE,"0,8","1,4",-,0,3,8,"3,7",.,.,.
28,"18,8","18,2","18,9","18,6",SE,"2,4",S,"2,4",S,"2,4","2,4",-,0,7,5,"4,0",.,.,.
29,"16,6","12,3","17,0","15,3",SE,"2,4",W,"4,4",SW,"0,8","2,5",-,1,4,3,"2,7",.,.,.
30,"14,9","13,1","17,9","15,3",S,"0,8",WSW,"2,4",NNE,"2,4","1,9",-,0,2,5,"2,3",.,.,.
dek1,"17,4","16,1","16,5","16,7","1,3","2,0","1,5","1,5",-,"4,3","5,5","4,7","4,8","39,1",,,,,
dek2,"15,9","13,8","15,3","15,0","1,1","2,4","1,4","1,6",-,"4,4","5,0","3,0","4,1","4,4",,,,,
dek3,"18,5","16,1","18,3","17,6","1,5","2,4","1,5","1,8",-,"1,9","3,4","4,7","3,4","9,5",,,,,
mes,"17,3","15,3","16,7","16,4","1,3","2,3","1,4","1,6",-,"3,5","4,6","4,1","4,1","53,0",,,,,
Д,Напон,водене,паре,Правац,и,брзина,ветра,Инсо-,Облачност,Пада-,Снег,Појаве,,,,,,,
а,(mb),(m/s),лација,у,десетинама,вине,(сm),,,,,,,,,,,,
н,07,14,21,ср.,07,14,21,ср.,(h),07,14,21,ср.,(mm),У,Н,,,
Д,Ваздушни,притисак,у,mb,Температура,ваздуха,у,°,C,Релативна,влажност,,,,,,,,
а,Екстреми,мин,Терминске,Термини,,,,,,,,,,,,,,,
н,07,14,21,ср.,мах,мин,амп,5сm,07,14,21,ср.,07,14,21,ср.,,,
БЕОГРАД,ширина,"44°48',",дужина,"20°28',",висина,132m,ЈУЛИ,2017,,,,,,,,,,,
1,"997,5","996,4","997,2","997,0","29,6","20,6","9,0","19,2","22,5","28,6","23,4","24,5",62,40,52,51,,,
2,"997,8","995,3","997,1","996,7","29,0","17,6","11,4","13,2","22,2","27,6","17,6","21,3",65,37,93,65,,,
3,"997,7","999,3","1001,9","999,6","25,7","16,8","8,9","16,4","19,0","24,5","21,2","21,5",70,43,53,55,,,
4,"1005,2","1004,6","1004,9","1004,9","27,6","14,5","13,1","11,6","17,7","26,6","22,0","22,1",69,34,45,49,,,
5,"1005,6","1003,5","1003,1","1004,1","30,2","16,6","13,6","12,8","22,0","29,7","24,1","25,0",50,32,47,43,,,
6,"1002,5","1001,6","1002,4","1002,2","33,7","19,0","14,7","14,0","23,8","33,0","27,9","28,2",49,33,40,41,,,
7,"1002,7","1000,0","998,1","1000,3","35,6","20,8","14,8","16,2","26,4","34,4","28,2","29,3",51,26,40,39,,,
8,"1000,6","999,1","998,9","999,5","33,6","20,8","12,8","18,0","23,4","33,0","28,3","28,3",66,35,46,49,,,
9,"999,4","999,0","999,2","999,2","34,7","22,6","12,1","18,5","25,7","34,2","27,4","28,7",64,31,45,47,,,
10,"998,3","996,2","995,4","996,6","38,2","24,6","13,6","20,1","26,4","37,2","30,5","31,2",55,28,47,43,,,
11,"997,8","997,0","996,8","997,2","37,6","24,8","12,8","19,3","29,4","36,8","30,4","31,8",45,25,37,36,,,
12,"999,4","997,5","995,5","997,5","32,0","23,0","9,0","21,6","23,8","31,4","27,1","27,4",66,39,50,52,,,
13,"998,7","999,9","1000,8","999,8","28,0","20,2","7,8","19,6","21,5","27,5","21,8","23,2",90,37,46,58,,,
14,"1000,6","998,0","997,4","998,7","27,5","15,0","12,5","12,0","16,8","26,2","22,6","22,1",63,36,39,46,,,
15,"999,1","998,6","1001,4","999,7","27,2","17,6","9,6","15,6","19,0","26,7","20,0","21,4",65,36,54,52,,,
16,"1003,6","1002,6","1003,3","1003,2","25,6","14,9","10,7","12,5","16,5","25,2","20,8","20,8",72,35,46,51,,,
17,"1005,3","1004,0","1004,0","1004,4","28,1","15,2","12,9","11,6","18,6","26,5","24,2","23,4",62,37,42,47,,,
18,"1005,6","1003,6","1003,1","1004,1","31,0","17,0","14,0","12,8","20,8","30,1","24,3","24,9",62,31,41,45,,,
19,"1002,6","999,7","998,7","1000,3","34,6","18,6","16,0","14,1","24,6","34,0","26,8","28,1",44,27,36,36,,,
20,"998,2","995,8","995,4","996,5","35,0","22,0","13,0","17,8","25,4","34,0","28,2","29,0",48,30,38,39,,,
21,"997,3","997,4","997,9","997,5","36,0","23,9","12,1","19,4","27,7","35,2","29,8","30,6",40,31,47,39,,,
22,"998,9","998,1","997,1","998,0","36,7","23,3","13,4","19,6","28,4","35,1","30,5","31,1",54,32,41,42,,,
23,"997,9","996,8","996,3","997,0","36,0","23,3","12,7","21,4","26,3","35,2","29,9","30,3",56,36,44,45,,,
24,"994,4","989,3","986,1","989,9","36,8","24,7","12,1","22,6","27,2","36,0","30,9","31,3",54,27,46,42,,,
25,"988,1","990,5","990,7","989,8","30,9","18,2","12,7","19,7","20,1","21,0","19,8","20,2",87,66,66,73,,,
26,"991,2","990,7","990,2","990,7","26,6","17,2","9,4","15,0","17,7","25,2","21,6","21,5",82,40,50,57,,,
27,"994,1","994,2","995,9","994,7","23,9","16,2","7,7","15,4","17,0","21,4","19,3","19,3",79,59,65,68,,,
28,"997,0","997,3","998,2","997,5","28,9","15,6","13,3","13,5","17,6","26,3","23,9","22,9",76,45,52,58,,,
29,"1002,7","1002,5","1002,3","1002,5","31,4","19,4","12,0","16,3","20,6","30,2","25,0","25,2",66,35,55,52,,,
30,"1002,1","1000,0","1001,3","1001,1","35,5","19,8","15,7","15,8","25,1","34,4","28,9","29,3",52,27,40,40,,,
31,"1001,5","1001,0","1002,6","1001,7","35,8","22,6","13,2","19,9","25,1","34,6","28,8","29,3",57,35,51,48,,,
dek1,"1000,7","999,5","999,8","1000,0","31,8","19,4","12,4","16,0","22,9","30,9","25,1","26,0",60,34,51,48,,,
dek2,"1001,1","999,7","999,6","1000,1","30,7","18,8","11,8","15,7","21,6","29,8","24,6","25,2",62,33,43,46,,,
dek3,"996,8","996,2","996,2","996,4","32,6","20,4","12,2","18,1","23,0","30,4","26,2","26,5",64,39,51,51,,,
mes,"999,5","998,4","998,5","998,8","31,7","19,6","12,1","16,6","22,5","30,4","25,3","25,9",62,36,48,49,,,
1,"16,9","15,8","15,1","15,9",N,"2,4",NW,"2,4",NNE,"0,8","1,9",-,2,5,7,"4,7",.,.,.
2,"17,5","13,8","18,8","16,7",WNW,"0,8",NNE,"2,4",WSW,"2,4","1,9",-,0,6,10,"5,3",.,.,.
3,"15,5","13,2","13,3","14,0",NNW,"2,4",NNW,"2,4",NNW,"2,4","2,4",-,5,9,5,"6,3","11,5",.,.
4,"14,0","12,0","11,8","12,6",W,"0,8",NW,"2,4",C,"0,0","1,1",-,0,2,0,"0,7","0,5",.,.
5,"13,2","13,6","14,2","13,7",WSW,"0,8",NNE,"2,4",SE,"0,8","1,4",-,0,1,0,"0,3",.,.,.
6,"14,4","16,8","15,0","15,4",WNW,"0,8",W,"2,4",N,"0,8","1,4",-,0,3,0,"1,0",.,.,.
7,"17,4","14,1","15,4","15,6",ESE,"0,8",WSW,"2,4",C,"0,0","1,1",-,1,1,6,"2,7",.,.,.
8,"19,0","17,5","17,8","18,1",W,"0,8",W,"2,4",W,"0,8","1,4",-,0,5,1,"2,0","0,1",.,.
9,"21,1","16,7","16,3","18,0",S,"0,8",NNE,"2,4",SE,"0,8","1,4",-,0,4,3,"2,3",.,.,.
10,"19,1","18,1","20,8","19,3",SE,"2,4",S,"2,4",SE,"4,4","3,0",-,0,3,1,"1,3",.,.,.
11,"18,6","15,6","16,0","16,7",SSE,"0,8",W,"2,4",ESE,"0,8","1,4",-,0,1,4,"1,7",.,.,.
12,"19,6","17,9","17,8","18,4",WSW,"2,4",NW,"0,8",NE,"0,8","1,4",-,5,4,0,"3,0",.,.,.
13,"23,0","13,7","12,2","16,3",W,"0,8",NNW,"2,4",NNW,"2,4","1,9",-,9,1,0,"3,3","7,8",.,.
14,"12,1","12,1","10,8","11,7",W,"0,8",W,"2,4",N,"0,8","1,4",-,0,3,8,"3,7","0,1",.,.
15,"14,2","12,7","12,7","13,2",W,"0,8",NNW,"2,4",N,"0,8","1,4",-,8,5,9,"7,3","0,0",.,.
16,"13,5","11,3","11,4","12,1",WNW,"2,4",N,"2,4",N,"0,8","1,9",-,0,5,5,"3,3","0,0",.,.
17,"13,3","13,0","12,7","13,0",W,"0,8",NE,"2,4",-,-,-,-,0,3,4,"2,3",.,.,.
18,"15,1","13,3","12,6","13,7",-,-,NNW,"2,4",ENE,"0,8",-,-,0,4,0,"1,3",.,.,.
19,"13,7","14,6","12,8","13,7",ESE,"0,8",S,"0,8",SSE,"0,8","0,8",-,0,4,0,"1,3",.,.,.
20,"15,7","15,9","14,4","15,3",SE,"0,8",NE,"2,4",SE,"2,4","1,9",-,3,4,0,"2,3",.,.,.
21,"14,7","17,6","19,6","17,3",SSE,"2,4",W,"2,4",N,"0,8","1,9",-,0,1,0,"0,3",.,.,.
22,"20,8","18,1","18,1","19,0",SE,"0,8",NNE,"2,4",ESE,"2,4","1,9",-,0,8,4,"4,0",.,.,.
23,"19,2","20,4","18,7","19,4",W,"2,4",NNW,"2,4",NE,"0,8","1,9",-,0,5,4,"3,0",.,.,.
24,"19,4","15,8","20,5","18,6",SW,"0,8",W,"2,4",W,"2,4","1,9",-,8,6,7,"7,0",.,.,.
25,"20,5","16,6","15,3","17,5",W,"2,4",WNW,"2,4",S,"0,8","1,9",-,9,9,6,"8,0","1,8",.,.
26,"16,7","12,8","13,0","14,2",WSW,"0,8",NNE,"2,4",SE,"0,8","1,4",-,10,4,9,"7,7","3,9",.,.
27,"15,4","15,0","14,6","15,0",W,"2,4",W,"0,8",NW,"0,8","1,4",-,7,7,9,"7,7","0,7",.,.
28,"15,3","15,5","15,5","15,4",W,"0,8",NW,"0,8",WNW,"0,8","0,8",-,0,8,0,"2,7","0,0",.,.
29,"16,0","14,8","17,5","16,1",W,"0,8",N,"0,8",C,"0,0","0,6",-,6,1,0,"2,3",.,.,.
30,"16,5","14,5","16,1","15,7",ESE,"2,4",E,"2,4",W,"2,4","2,4",-,0,0,8,"2,7",.,.,.
31,"18,3","19,1","20,1","19,2",C,"0,0",N,"2,4",ESE,"0,8","1,1",-,7,4,0,"3,7",.,.,.
dek1,"16,8","15,2","15,9","15,9","1,3","2,4","1,3","1,6",-,"0,8","3,9","3,3","2,7","12,1",,,,,
dek2,"15,9","14,0","13,3","14,4",-,"2,1",-,-,-,"2,5","3,4","3,0","3,0","7,9",,,,,
dek3,"17,5","16,4","17,2","17,0","1,5","2,0","1,2","1,5",-,"4,3","4,8","4,3","4,5","6,4",,,,,
mes,"16,8","15,2","15,5","15,8",-,"2,1",-,-,-,"2,6","4,1","3,5","3,4","26,4",,,,,
Д,Напон,водене,паре,Правац,и,брзина,ветра,Инсо-,Облачност,Пада-,Снег,Појаве,,,,,,,
а,(mb),(m/s),лација,у,десетинама,вине,(сm),,,,,,,,,,,,
н,07,14,21,ср.,07,14,21,ср.,(h),07,14,21,ср.,(mm),У,Н,,,
Д,Ваздушни,притисак,у,mb,Температура,ваздуха,у,°,C,Релативна,влажност,,,,,,,,
а,Екстреми,мин,Терминске,Термини,,,,,,,,,,,,,,,
н,07,14,21,ср.,мах,мин,амп,5сm,07,14,21,ср.,07,14,21,ср.,,,
БЕОГРАД,ширина,"44°48',",дужина,"20°28',",висина,132m,АВГУСТ,2017,,,,,,,,,,,
1,"1004,7","1003,5","1003,4","1003,9","36,4","24,0","12,4","19,6","26,8","36,4","29,4","30,5",44,29,42,38,,,
2,"1003,5","1001,6","1001,3","1002,1","39,1","23,4","15,7","21,1","27,0","38,1","30,8","31,7",40,21,34,32,,,
3,"1001,8","999,4","998,4","999,9","37,5","24,3","13,2","20,2","26,1","37,3","29,7","30,7",42,26,41,36,,,
4,"999,0","996,2","995,8","997,0","39,0","23,4","15,6","19,6","27,4","38,4","30,7","31,8",59,25,41,42,,,
5,"997,0","996,0","996,1","996,4","39,8","25,1","14,7","21,5","27,8","39,1","31,6","32,5",50,25,42,39,,,
6,"997,5","995,1","997,6","996,7","39,6","24,0","15,6","22,3","27,5","38,6","24,0","28,5",66,33,86,62,,,
7,"1001,4","1003,1","1003,4","1002,6","24,5","20,2","4,3","20,8","20,9","20,9","21,7","21,3",85,93,88,89,,,
8,"1003,1","1001,7","1000,7","1001,8","31,1","18,8","12,3","18,4","19,1","30,0","25,9","25,2",89,50,64,68,,,
9,"1000,9","1000,3","1001,2","1000,8","38,8","23,1","15,7","22,2","25,2","38,4","30,0","30,9",67,26,49,47,,,
10,"1000,5","999,0","998,3","999,3","38,3","25,6","12,7","24,0","27,2","38,0","31,1","31,9",61,30,40,44,,,
11,"997,3","993,0","992,6","994,3","38,9","24,6","14,3","22,4","26,9","38,6","31,6","32,2",46,22,38,35,,,
12,"996,4","993,7","998,2","996,1","31,6","18,5","13,1","21,6","24,5","30,7","18,5","23,1",66,39,85,63,,,
13,"998,8","1001,1","1003,3","1001,1","19,1","16,4","2,7","16,0","16,9","17,7","18,3","17,8",79,80,86,82,,,
14,"1004,4","1004,2","1005,3","1004,6","26,0","16,5","9,5","15,0","18,4","25,4","22,2","22,1",73,49,64,62,,,
15,"1005,4","1003,7","1003,4","1004,2","30,9","18,1","12,8","15,0","19,6","29,6","25,0","24,8",76,39,55,57,,,
16,"1004,0","1002,1","1002,0","1002,7","33,0","19,2","13,8","16,4","21,0","31,6","26,7","26,5",69,36,44,50,,,
17,"1002,9","1001,0","1001,9","1001,9","33,8","20,4","13,4","17,9","21,4","33,4","27,0","27,2",65,28,43,45,,,
18,"1003,0","1001,3","1000,2","1001,5","34,8","20,4","14,4","17,0","22,6","33,4","26,8","27,4",60,30,44,45,,,
19,"999,0","997,5","997,4","998,0","37,2","22,8","14,4","17,8","24,7","37,1","28,9","29,9",51,22,37,37,,,
20,"1000,8","1001,9","1003,8","1002,2","28,9","17,7","11,2","18,5","19,1","20,0","17,7","18,6",80,79,93,84,,,
21,"1003,5","1002,2","1002,7","1002,8","24,0","14,9","9,1","14,9","15,1","23,6","19,6","19,5",84,44,50,59,,,
22,"1004,1","1002,2","1002,1","1002,8","25,3","13,0","12,3","11,5","14,8","24,8","19,7","19,8",76,38,44,53,,,
23,"1003,1","1002,6","1003,4","1003,0","26,3","12,9","13,4","10,3","15,7","25,6","19,0","19,8",63,32,53,49,,,
24,"1004,0","1003,8","1004,1","1004,0","30,0","14,0","16,0","10,2","18,8","28,5","22,9","23,3",56,32,41,43,,,
25,"1005,1","1003,7","1003,8","1004,2","34,7","18,6","16,1","14,3","22,2","34,0","24,9","26,5",48,23,41,37,,,
26,"1003,1","1000,8","1000,2","1001,4","37,3","20,0","17,3","15,0","23,8","36,4","27,9","29,0",40,20,36,32,,,
27,"999,2","997,4","996,6","997,7","37,5","22,0","15,5","16,8","25,4","36,9","28,0","29,6",33,19,36,29,,,
28,"1000,7","999,5","1000,0","1000,1","31,4","22,9","8,5","19,7","23,5","30,4","24,6","25,8",61,40,45,49,,,
29,"1002,2","1001,3","1001,8","1001,8","28,8","16,9","11,9","15,5","17,6","28,0","21,9","22,4",61,29,41,44,,,
30,"1003,4","1001,6","1000,8","1001,9","30,4","14,8","15,6","11,0","18,2","28,9","23,2","23,4",55,33,47,45,,,
31,"999,9","998,5","997,6","998,7","34,2","18,4","15,8","16,4","20,0","32,8","25,4","25,9",55,27,42,41,,,
dek1,"1000,9","999,6","999,6","1000,1","36,4","23,2","13,2","21,0","25,5","35,5","28,5","29,5",60,36,53,50,,,
dek2,"1001,2","1000,0","1000,8","1000,7","31,4","19,5","12,0","17,8","21,5","29,8","24,3","25,0",67,42,59,56,,,
dek3,"1002,6","1001,2","1001,2","1001,7","30,9","17,1","13,8","14,1","19,6","30,0","23,4","24,1",57,31,43,44,,,
mes,"1001,6","1000,3","1000,6","1000,8","32,8","19,8","13,0","17,5","22,1","31,7","25,3","26,1",61,36,51,50,,,
1,"15,5","17,6","17,1","16,7",SE,"2,4",ENE,"2,4",ESE,"2,4","2,4",-,0,0,0,"0,0",.,.,.
2,"14,2","14,2","15,3","14,6",SSE,"4,4",SE,"2,4",SSE,"2,4","3,0",-,0,1,0,"0,3",.,.,.
3,"14,2","16,8","17,3","16,1",C,"0,0",NNW,"2,4",SSE,"0,8","1,1",-,5,0,0,"1,7",.,.,.
4,"21,5","16,8","17,9","18,7",W,"0,8",NE,"4,4",SE,"0,8","2,0",-,0,0,0,"0,0",.,.,.
5,"18,6","17,3","19,6","18,5",NNW,"0,8",W,"2,4",WNW,"0,8","1,4",-,1,1,0,"0,7",.,.,.
6,"24,4","22,3","25,6","24,1",W,"0,8",NNE,"2,4",W,"2,4","1,9",-,0,1,10,"3,7",.,.,.
7,"20,9","23,0","22,9","22,3",WNW,"0,8",WSW,"0,8",W,"0,8","0,8",-,10,10,7,"9,0","2,7",.,.
8,"19,7","21,1","21,4","20,7",NNE,"2,4",E,"2,4",SE,"2,4","2,4",-,8,4,2,"4,7","2,0",.,.
9,"21,6","17,7","20,8","20,0",SE,"4,4",ESE,"4,4",ESE,"2,4","3,7",-,0,0,0,"0,0",.,.,.
10,"22,1","19,9","18,1","20,0",ESE,"4,4",ESE,"2,4",SE,"2,4","3,0",-,0,0,0,"0,0",.,.,.
11,"16,5","15,3","17,8","16,5",ESE,"2,4",SE,"4,4",SSE,"4,4","3,7",-,0,0,4,"1,3",.,.,.
12,"20,2","17,3","18,2","18,6",WNW,"0,8",N,"2,4",W,"2,4","1,9",-,0,5,10,"5,0",.,.,.
13,"15,3","16,2","18,1","16,5",W,"2,4",W,"2,4",W,"0,8","1,9",-,10,10,10,"10,0","5,8",.,.
14,"15,5","16,1","17,0","16,2",NNW,"2,4",NNW,"0,8",WSW,"0,8","1,4",-,0,8,4,"4,0","0,0",.,.
15,"17,3","16,3","17,5","17,0",W,"2,4",NW,"2,4",NE,"0,8","1,9",-,0,0,0,"0,0",.,.,.
16,"17,1","16,6","15,4","16,4",W,"0,8",N,"0,8",NNE,"0,8","0,8",-,0,0,0,"0,0",.,.,.
17,"16,6","14,6","15,2","15,5",W,"0,8",NW,"2,4",C,"0,0","1,1",-,0,1,0,"0,3",.,.,.
18,"16,4","15,2","15,5","15,7",C,"0,0",NE,"2,4",ESE,"0,8","1,1",-,3,6,0,"3,0",.,.,.
19,"15,8","14,1","14,9","14,9",SE,"2,4",SE,"2,4",SE,"2,4","2,4",-,0,1,0,"0,3",.,.,.
20,"17,8","18,5","18,9","18,4",W,"2,4",N,"2,4",WNW,"0,8","1,9",-,9,10,10,"9,7","0,0",.,.
21,"14,4","12,7","11,4","12,8",NNW,"0,8",NNW,"2,4",NW,"0,8","1,4",-,10,5,3,"6,0","9,0",.,.
22,"12,8","11,9","10,2","11,6",W,"0,8",NW,"2,4",WNW,"0,8","1,4",-,0,8,0,"2,7",.,.,.
23,"11,2","10,5","11,6","11,1",W,"0,8",NW,"0,8",SE,"0,8","0,8",-,0,3,0,"1,0",.,.,.
24,"12,1","12,4","11,6","12,0",NNE,"0,8",NE,"2,4",SE,"2,4","1,9",-,0,0,0,"0,0",.,.,.
25,"12,8","12,3","12,9","12,7",ESE,"0,8",ESE,"2,4",SE,"0,8","1,4",-,0,0,0,"0,0",.,.,.
26,"11,9","11,9","13,4","12,4",SSE,"0,8",ESE,"2,4",SSE,"2,4","1,9",-,0,0,0,"0,0",.,.,.
27,"10,8","11,6","13,6","12,0",SE,"2,4",E,"2,4",ESE,"0,8","1,9",-,0,2,0,"0,7",.,.,.
28,"17,8","17,3","13,9","16,3",WNW,"0,8",N,"2,4",N,"0,8","1,4",-,8,9,1,"6,0",.,.,.
29,"12,2","10,9","10,7","11,3",NNE,"2,4",N,"2,4",NNE,"0,8","1,9",-,4,1,0,"1,7",.,.,.
30,"11,5","13,3","13,4","12,7",WNW,"0,8",NNE,"2,4",SE,"2,4","1,9",-,0,0,0,"0,0",.,.,.
31,"12,8","13,3","13,8","13,3",SE,"2,4",NE,"0,8",SSE,"2,4","1,9",-,0,0,0,"0,0",.,.,.
dek1,"19,3","18,7","19,6","19,2","2,1","2,6","1,8","2,1",-,"2,4","1,7","1,9","2,0","4,7",,,,,
dek2,"16,9","16,0","16,9","16,6","1,7","2,3","1,4","1,7",-,"2,2","4,1","3,8","3,4","5,8",,,,,
dek3,"12,8","12,6","12,4","12,6","1,3","2,1","1,4","1,5",-,"2,0","2,5","0,4","1,6","9,0",,,,,
mes,"16,2","15,6","16,2","16,0","1,7","2,3","1,5","1,8",-,"2,2","2,8","2,0","2,3","19,5",,,,,
Д,Напон,водене,паре,Правац,и,брзина,ветра,Инсо-,Облачност,Пада-,Снег,Појаве,,,,,,,
а,(mb),(m/s),лација,у,десетинама,вине,(сm),,,,,,,,,,,,
н,07,14,21,ср.,07,14,21,ср.,(h),07,14,21,ср.,(mm),У,Н,,,
Д,Ваздушни,притисак,у,mb,Температура,ваздуха,у,°,C,Релативна,влажност,,,,,,,,
а,Екстреми,мин,Терминске,Термини,,,,,,,,,,,,,,,
н,07,14,21,ср.,мах,мин,амп,5сm,07,14,21,ср.,07,14,21,ср.,,,
БЕОГРАД,ширина,"44°48',",дужина,"20°28',",висина,132m,СЕПТЕМБАР,2017,,,,,,,,,,,
1,"997,3","995,2","996,6","996,4","34,6","19,6","15,0","16,2","22,9","34,4","25,0","26,8",48,30,51,43,,,
2,"997,2","993,9","992,1","994,4","31,8","19,0","12,8","18,9","21,8","31,1","19,0","22,7",72,41,89,67,,,
3,"992,4","991,7","995,7","993,3","19,1","14,8","4,3","15,0","15,4","16,6","14,8","15,4",94,87,90,90,,,
4,"999,4","1001,6","1003,6","1001,5","22,8","14,1","8,7","13,7","14,6","22,0","16,8","17,6",71,37,56,55,,,
5,"1004,7","1003,8","1003,0","1003,8","23,9","11,7","12,2","8,9","15,0","22,3","18,0","18,3",64,36,51,50,,,
6,"1001,8","999,8","998,8","1000,1","27,7","14,3","13,4","11,2","15,6","27,3","21,8","21,6",64,32,51,49,,,
7,"999,0","998,5","1001,0","999,5","27,0","17,6","9,4","14,5","19,0","26,4","18,4","20,6",70,46,53,56,,,
8,"1000,8","998,5","996,9","998,7","26,4","15,5","10,9","14,4","16,3","25,0","21,7","21,2",66,38,52,52,,,
9,"993,6","991,8","991,3","992,2","27,3","16,1","11,2","13,7","17,8","23,8","21,4","21,1",71,60,74,68,,,
10,"993,0","992,0","992,0","992,3","32,2","18,0","14,2","14,0","19,6","32,0","25,5","25,7",64,30,42,45,,,
11,"991,5","986,1","986,4","988,0","34,0","16,8","17,2","16,8","23,2","32,8","17,3","22,7",43,27,94,55,,,
12,"988,5","992,6","996,8","992,6","25,3","16,4","8,9","14,8","17,7","24,3","17,8","19,4",85,57,87,76,,,
13,"1003,0","1003,4","1003,0","1003,1","23,7","14,3","9,4","13,7","15,0","23,0","17,7","18,4",90,47,67,68,,,
14,"1000,0","995,2","995,5","996,9","30,5","16,4","14,1","12,6","18,2","29,2","20,8","22,3",70,25,57,51,,,
15,"1002,9","1001,0","999,2","1001,0","24,3","14,9","9,4","13,4","15,4","22,9","17,8","18,5",60,39,61,53,,,
16,"996,5","995,7","995,7","996,0","33,3","15,4","17,9","11,8","17,2","32,1","27,2","25,9",60,26,34,40,,,
17,"995,6","996,0","998,9","996,8","32,6","17,0","15,6","18,3","20,3","20,4","17,0","18,7",70,61,88,73,,,
18,"1001,6","1000,6","999,7","1000,6","24,1","13,6","10,5","10,8","14,8","23,3","18,8","18,9",94,40,54,63,,,
19,"995,1","992,0","995,6","994,2","26,5","13,1","13,4","10,5","14,8","24,8","16,2","18,0",75,36,76,62,,,
20,"995,5","995,8","997,0","996,1","17,0","12,0","5,0","11,8","14,4","13,9","12,0","13,1",88,92,95,92,,,
21,"996,7","999,3","1000,7","998,9","12,6","10,9","1,7","11,4","11,2","12,0","11,4","11,5",95,89,91,92,,,
22,"1001,4","1003,2","1004,5","1003,0","15,4","10,8","4,6","10,7","11,2","14,5","14,0","13,4",94,79,81,85,,,
23,"1004,8","1004,3","1005,2","1004,8","20,8","12,0","8,8","10,4","12,8","20,7","14,5","15,6",82,45,67,65,,,
24,"1004,6","1004,0","1005,3","1004,6","21,8","10,5","11,3","8,0","12,0","21,0","15,1","15,8",80,46,75,67,,,
25,"1004,7","1004,5","1005,7","1005,0","18,5","12,8","5,7","11,1","12,9","17,3","16,7","15,9",95,80,70,82,,,
26,"1005,7","1005,8","1007,6","1006,4","22,8","13,6","9,2","11,5","14,1","17,9","17,2","16,6",88,77,80,82,,,
27,"1010,0","1010,2","1011,3","1010,5","20,1","14,7","5,4","14,0","15,2","19,2","14,8","16,0",56,48,61,55,,,
28,"1012,2","1012,6","1012,9","1012,6","18,2","12,6","5,6","12,6","13,9","18,0","12,6","14,3",60,44,67,57,,,
29,"1012,2","1010,2","1010,8","1011,1","18,9","10,2","8,7","9,2","11,0","18,4","12,3","13,5",60,37,59,52,,,
30,"1009,0","1006,8","1006,6","1007,5","18,4","10,0","8,4","7,0","10,4","18,4","12,6","13,5",61,37,52,50,,,
dek1,"997,9","996,7","997,1","997,2","27,3","16,1","11,2","14,1","17,8","26,1","20,2","21,1",68,44,61,58,,,
dek2,"997,0","995,8","996,8","996,5","27,1","15,0","12,1","13,5","17,1","24,7","18,3","19,6",74,45,71,63,,,
dek3,"1006,1","1006,1","1007,1","1006,4","18,8","11,8","6,9","10,6","12,5","17,7","14,1","14,6",77,58,70,69,,,
mes,"1000,4","999,5","1000,3","1000,1","24,4","14,3","10,1","12,7","15,8","22,8","17,5","18,4",73,49,68,63,,,
1,"13,4","16,3","16,2","15,3",W,"0,8",W,"0,8",WSW,"0,8","0,8",-,0,1,5,"2,0",.,.,.
2,"18,9","18,3","19,6","18,9",W,"0,8",NNE,"2,4",SSE,"0,8","1,4",-,6,0,9,"5,0",.,.,.
3,"16,5","16,4","15,1","16,0",SSW,"0,8",NNE,"2,4",W,"2,4","1,9",-,10,9,9,"9,3","4,8",.,.
4,"11,8","9,8","10,8","10,8",W,"2,4",W,"2,4",C,"0,0","1,6",-,8,5,5,"6,0","1,9",.,.
5,"10,9","9,7","10,5","10,4",WSW,"0,8",W,"0,8",C,"0,0","0,6",-,0,6,6,"4,0",.,.,.
6,"11,3","11,5","13,2","12,0",W,"2,4",W,"2,4",SSE,"0,8","1,9",-,1,3,6,"3,3",.,.,.
7,"15,5","15,8","11,2","14,2",C,"0,0",NNE,"2,4",NNE,"0,8","1,1",-,9,5,7,"7,0",.,.,.
8,"12,3","12,0","13,5","12,6",NE,"0,8",NE,"2,4",E,"0,8","1,4",-,2,2,5,"3,0","0,7",.,.
9,"14,5","17,6","19,0","17,0",C,"0,0",SSE,"2,4",SE,"2,4","1,6",-,8,9,0,"5,7",.,.,.
10,"14,7","14,3","13,7","14,2",ESE,"0,8",SSE,"4,4",SSE,"4,4","3,2",-,0,3,0,"1,0","0,0",.,.
11,"12,3","13,2","18,6","14,7",SSE,"4,4",SE,"4,4",NE,"4,4","4,4",-,5,6,7,"6,0",.,.,.
12,"17,3","17,3","17,7","17,4",W,"0,8",W,"2,4",SSW,"0,8","1,4",-,6,2,6,"4,7","10,2",.,.
13,"15,3","13,3","13,7","14,1",W,"2,4",W,"0,8",SSE,"0,8","1,4",-,5,2,0,"2,3","2,7",.,.
14,"14,6","10,1","14,1","12,9",SSE,"0,8",WSW,"2,4",S,"0,8","1,4",-,0,0,0,"0,0",.,.,.
15,"10,5","10,9","12,4","11,3",WNW,"2,4",NE,"2,4",SSE,"0,8","1,9",-,7,3,0,"3,3",.,.,.
16,"11,9","12,6","12,2","12,2",SSE,"0,8",NE,"2,4",SSE,"2,4","1,9",-,0,1,3,"1,3",.,.,.
17,"16,6","14,5","17,2","16,1",SE,"4,4",NNW,"2,4",SSE,"0,8","2,5",-,9,8,6,"7,7","0,8",.,.
18,"15,8","11,5","11,8","13,0",WNW,"0,8",N,"0,8",NE,"2,4","1,4",-,9,2,0,"3,7","3,7",.,.
19,"12,7","11,4","14,0","12,7",WNW,"0,8",WNW,"0,8",NE,"0,8","0,8",-,1,9,9,"6,3",.,.,.
20,"14,4","14,6","13,4","14,1",NW,"0,8",WNW,"2,4",W,"2,4","1,9",-,6,10,10,"8,7",.,.,.
21,"12,7","12,5","12,3","12,5",W,"2,4",W,"4,4",W,"2,4","3,0",-,10,10,7,"9,0","9,3",.,.
22,"12,5","13,0","13,0","12,8",W,"2,4",W,"2,4",W,"0,8","1,9",-,10,10,9,"9,7","6,5",.,.
23,"12,1","11,0","11,1","11,4",W,"0,8",W,"0,8",NNE,"0,8","0,8",-,5,6,0,"3,7","0,5",.,.
24,"11,3","11,5","12,9","11,9",W,"0,8",N,"0,8",ENE,"0,8","0,8",-,2,5,4,"3,7",.,.,.
25,"14,1","15,9","13,3","14,4",NE,"0,8",NNE,"2,4",E,"2,4","1,9",-,10,7,9,"8,7","1,0",.,.
26,"14,3","15,8","15,8","15,3",SSW,"0,8",E,"2,4",ESE,"0,8","1,4",-,6,10,7,"7,7","1,6",.,.
27,"9,7","10,8","10,3","10,3",SE,"4,4",ESE,"4,4",ESE,"4,4","4,4",-,9,9,10,"9,3","2,1",.,.
28,"9,5","9,0","9,8","9,4",ESE,"4,4",E,"2,4",ESE,"2,4","3,0",-,9,8,3,"6,7","0,0",.,.
29,"7,9","7,8","8,4","8,0",ESE,"4,4",E,"4,4",ESE,"2,4","3,7",-,0,3,0,"1,0",.,.,.
30,"7,7","7,9","7,7","7,8",ESE,"4,4",E,"2,4",ESE,"2,4","3,0",-,0,3,0,"1,0",.,.,.
dek1,"14,0","14,2","14,3","14,1","1,0","2,3","1,3","1,4",-,"4,4","4,3","5,2","4,6","7,4",,,,,
dek2,"14,1","12,9","14,5","13,9","1,9","2,1","1,7","1,8",-,"4,8","4,3","4,1","4,4","17,4",,,,,
dek3,"11,2","11,5","11,5","11,4","2,6","2,7","2,0","2,4",-,"6,1","7,1","4,9","6,1","21,0",,,,,
mes,"13,1","12,9","13,4","13,1","1,8","2,3","1,6","1,8",-,"5,1","5,2","4,7","5,0","45,8",,,,,
Д,Напон,водене,паре,Правац,и,брзина,ветра,Инсо-,Облачност,Пада-,Снег,Појаве,,,,,,,
а,(mb),(m/s),лација,у,десетинама,вине,(сm),,,,,,,,,,,,
н,07,14,21,ср.,07,14,21,ср.,(h),07,14,21,ср.,(mm),У,Н,,,
Д,Ваздушни,притисак,у,mb,Температура,ваздуха,у,°,C,Релативна,влажност,,,,,,,,
а,Екстреми,мин,Терминске,Термини,,,,,,,,,,,,,,,
н,07,14,21,ср.,мах,мин,амп,5сm,07,14,21,ср.,07,14,21,ср.,,,
БЕОГРАД,ширина,"44°48',",дужина,"20°28',",висина,132m,ОКТОБАР,2017,,,,,,,,,,,
1,"1007,0","1006,9","1008,4","1007,4","20,0","8,7","11,3","6,9","10,1","19,1","13,4","14,0",55,38,54,49,,,
2,"1009,6","1008,6","1007,8","1008,7","21,2","9,6","11,6","7,9","10,3","20,8","13,9","14,7",71,37,54,54,,,
3,"1005,0","1002,4","1005,1","1004,2","25,7","10,3","15,4","9,3","11,5","25,2","18,0","18,2",66,35,61,54,,,
4,"1011,0","1009,7","1006,9","1009,2","21,4","13,4","8,0","12,0","13,9","20,8","13,9","15,6",78,41,70,63,,,
5,"1003,8","998,3","993,8","998,6","25,3","11,0","14,3","7,8","13,4","23,7","18,2","18,4",74,40,58,57,,,
6,"995,7","999,2","1000,0","998,3","18,6","9,1","9,5","11,5","14,1","10,3","9,1","10,7",72,87,90,83,,,
7,"1000,0","999,7","1000,7","1000,1","14,5","8,7","5,8","8,4","8,8","13,9","9,7","10,5",84,64,79,76,,,
8,"1000,0","998,5","1000,1","999,5","18,4","6,5","11,9","4,5","7,4","18,0","13,9","13,3",86,41,68,65,,,
9,"1001,3","1003,1","1004,2","1002,9","18,0","9,8","8,2","6,6","11,8","16,9","13,3","13,8",76,46,62,61,,,
10,"1004,7","1004,8","1006,3","1005,3","17,3","10,1","7,2","6,4","10,2","17,1","13,4","13,5",83,54,61,66,,,
11,"1008,1","1007,7","1007,7","1007,8","21,8","8,9","12,9","5,0","9,4","20,9","13,7","14,4",85,44,69,66,,,
12,"1007,0","1007,3","1008,6","1007,6","23,9","10,3","13,6","5,9","10,6","23,3","14,8","15,9",81,36,72,63,,,
13,"1010,6","1009,5","1009,8","1010,0","23,0","11,0","12,0","6,9","11,9","22,2","16,2","16,6",84,46,67,66,,,
14,"1012,0","1011,8","1013,3","1012,4","20,7","10,9","9,8","8,0","11,4","20,0","13,8","14,8",87,48,80,72,,,
15,"1014,4","1013,0","1012,8","1013,4","22,5","10,3","12,2","6,0","11,3","22,1","14,6","15,7",87,46,78,70,,,
16,"1013,3","1012,1","1011,8","1012,4","24,1","11,1","13,0","7,3","11,7","23,6","17,0","17,3",90,48,66,68,,,
17,"1010,6","1008,4","1007,1","1008,7","26,2","11,8","14,4","7,4","12,4","24,9","16,8","17,7",89,50,71,70,,,
18,"1004,1","1001,8","1001,3","1002,4","26,5","13,2","13,3","9,0","16,2","25,9","18,2","19,6",69,45,62,59,,,
19,"1001,6","1001,3","1001,4","1001,4","26,8","12,2","14,6","8,5","13,1","26,0","16,1","17,8",86,34,57,59,,,
20,"1002,4","1001,6","1002,7","1002,2","25,0","9,7","15,3","5,2","11,1","24,6","16,4","17,1",77,37,60,58,,,
21,"1003,2","1001,5","1001,4","1002,0","23,4","11,4","12,0","6,9","12,5","23,0","14,4","16,1",79,40,70,63,,,
22,"1001,0","997,4","992,4","996,9","21,0","10,0","11,0","6,1","11,7","19,8","17,3","16,5",84,59,62,68,,,
23,"990,3","990,9","991,5","990,9","17,4","8,2","9,2","10,0","10,3","9,5","8,2","9,0",93,93,97,94,,,
24,"992,9","995,7","1002,4","997,0","9,4","8,0","1,4","8,4","8,8","8,4","9,0","8,8",95,94,90,93,,,
25,"1009,1","1011,2","1011,2","1010,5","11,4","6,9","4,5","7,0","7,2","10,8","9,4","9,2",93,78,89,87,,,
26,"1011,7","1009,6","1008,1","1009,8","17,6","6,1","11,5","3,5","6,7","17,0","11,3","11,6",96,58,90,81,,,
27,"1001,8","994,3","1001,2","999,1","21,0","7,8","13,2","4,9","9,2","20,6","9,8","12,4",94,56,87,79,,,
28,"1001,2","999,4","999,0","999,9","13,6","9,2","4,4","8,9","9,4","13,1","9,6","10,4",82,58,81,74,,,
29,"990,3","980,0","991,1","987,1","16,5","8,0","8,5","5,4","10,1","16,1","9,3","11,2",58,42,80,60,,,
30,"998,4","1000,9","1006,1","1001,8","12,6","5,0","7,6","2,8","5,1","12,0","7,8","8,2",72,36,61,56,,,
31,"1009,5","1010,0","1010,6","1010,0","10,2","3,2","7,0","0,2","3,6","8,9","6,8","6,5",79,57,68,68,,,
dek1,"1003,8","1003,1","1003,3","1003,4","20,0","9,7","10,3","8,1","11,2","18,6","13,7","14,3",75,48,66,63,,,
dek2,"1008,4","1007,5","1007,7","1007,8","24,1","10,9","13,1","6,9","11,9","23,4","15,8","16,7",84,43,68,65,,,
dek3,"1000,9","999,2","1001,4","1000,5","15,8","7,6","8,2","5,8","8,6","14,5","10,3","10,9",84,61,80,75,,,
mes,"1004,2","1003,1","1004,0","1003,8","19,8","9,4","10,5","6,9","10,5","18,7","13,1","13,9",81,51,71,68,,,
1,"6,7","8,5","8,4","7,9",ESE,"4,4",E,"2,4",ESE,"4,4","3,7",-,0,2,0,"0,7",.,.,.
2,"8,9","9,1","8,6","8,9",SE,"2,4",SE,"2,4",SE,"2,4","2,4",-,0,0,0,"0,0",.,.,.
3,"9,0","11,3","12,6","11,0",SE,"2,4",SSW,"2,4",W,"0,8","1,9",-,0,0,10,"3,3",.,.,.
4,"12,4","10,1","11,2","11,2",W,"0,8",W,"2,4",ESE,"0,8","1,4",-,7,3,1,"3,7","2,5",.,.
5,"11,4","11,8","12,2","11,8",SE,"0,8",SSW,"2,4",S,"2,4","1,9",-,8,9,3,"6,7",.,.,.
6,"11,5","10,9","10,4","10,9",NNW,"2,4",W,"2,4",W,"2,4","2,4",-,9,10,10,"9,7","3,2",.,.
7,"9,5","10,1","9,5","9,7",WNW,"0,8",NNW,"2,4",W,"0,8","1,4",-,10,8,0,"6,0","2,9",.,.
8,"8,8","8,5","10,7","9,3",WSW,"0,8",WNW,"2,4",W,"0,8","1,4",-,0,6,10,"5,3",.,.,.
9,"10,5","8,9","9,5","9,6",W,"0,8",NW,"2,4",NE,"0,8","1,4",-,9,8,6,"7,7","0,0",.,.
10,"10,4","10,6","9,4","10,1",SSE,"0,8",NNE,"2,4",SE,"2,4","1,9",-,10,4,5,"6,3","0,6",.,.
11,"10,1","11,0","10,9","10,7",SE,"0,8",NNE,"2,4",SE,"0,8","1,4",-,2,0,0,"0,7","0,1",.,.
12,"10,4","10,4","12,2","11,0",C,"0,0",W,"2,4",SSE,"0,8","1,1",-,0,1,0,"0,3",.,.,.
13,"11,8","12,2","12,3","12,1",WSW,"0,8",NW,"2,4",WSW,"0,8","1,4",-,0,6,0,"2,0",.,.,.
14,"11,8","11,3","12,7","11,9",W,"2,4",NNW,"2,4",SSE,"0,8","1,9",-,5,4,0,"3,0",.,.,.
15,"11,7","12,2","12,9","12,3",S,"0,8",W,"0,8",SSE,"0,8","0,8",-,0,0,0,"0,0",.,.,.
16,"12,4","14,0","12,8","13,1",SSE,"0,8",NNE,"2,4",ESE,"0,8","1,4",-,1,0,0,"0,3",.,.,.
17,"12,8","15,8","13,6","14,1",C,"0,0",NNE,"0,8",ESE,"0,8","0,6",-,1,4,0,"1,7",.,.,.
18,"12,7","14,9","13,0","13,5",SE,"0,8",C,"0,0",SE,"0,8","0,6",-,8,8,0,"5,3",.,.,.
19,"13,0","11,5","10,5","11,7",SSE,"0,8",SW,"0,8",SE,"0,8","0,8",-,1,0,0,"0,3",.,.,.
20,"10,2","11,3","11,3","10,9",C,"0,0",NNE,"2,4",SE,"0,8","1,1",-,0,1,0,"0,3",.,.,.
21,"11,5","11,2","11,5","11,4",C,"0,0",W,"2,4",SE,"0,8","1,1",-,3,6,0,"3,0",.,.,.
22,"11,6","13,7","12,3","12,5",SSE,"0,8",NE,"0,8",SE,"2,4","1,4",-,5,10,7,"7,3",.,.,.
23,"11,7","11,0","10,6","11,1",WSW,"2,4",W,"4,4",WSW,"2,4","3,0",-,10,10,10,"10,0","14,2",.,.
24,"10,8","10,3","10,4","10,5",N,"2,4",N,"2,4",NNE,"2,4","2,4",-,10,10,10,"10,0","11,5",.,.
25,"9,5","10,1","10,5","10,0",NW,"0,8",WSW,"2,4",SSE,"2,4","1,9",-,10,10,0,"6,7","23,3",.,.
26,"9,4","11,3","12,0","10,9",C,"0,0",W,"2,4",SSE,"2,4","1,6",-,1,8,0,"3,0",.,.,.
27,"10,9","13,5","10,5","11,6",C,"0,0",ENE,"0,8",WNW,"2,4","1,1",-,4,7,10,"7,0",.,.,.
28,"9,7","8,8","9,7","9,4",NW,"2,4",NW,"2,4",W,"2,4","2,4",-,10,6,5,"7,0","1,2",.,.
29,"7,2","7,7","9,3","8,1",SW,"2,4",SW,"0,8",W,"2,4","1,9",-,7,10,8,"8,3","0,0",.,.
30,"6,3","5,1","6,5","6,0",W,"2,4",WNW,"4,4",WNW,"2,4","3,0",-,0,4,6,"3,3","6,4",.,.
31,"6,2","6,5","6,8","6,5",W,"2,4",WNW,"2,4",NW,"0,8","1,9",-,0,9,0,"3,0",.,.,.
dek1,"9,9","10,0","10,3","10,0","1,7","2,4","1,8","1,9",-,"5,3","5,0","4,5","4,9","9,2",,,,,
dek2,"11,7","12,5","12,2","12,1","0,7","1,7","0,8","1,0",-,"1,8","2,4","0,0","1,4","0,1",,,,,
dek3,"9,5","9,9","10,0","9,8","1,4","2,3","2,1","1,9",-,"5,5","8,2","5,1","6,2","56,6",,,,,
mes,"10,3","10,8","10,8","10,6","1,3","2,1","1,6","1,6",-,"4,2","5,3","3,3","4,3","65,9",,,,,
Д,Напон,водене,паре,Правац,и,брзина,ветра,Инсо-,Облачност,Пада-,Снег,Појаве,,,,,,,
а,(mb),(m/s),лација,у,десетинама,вине,(сm),,,,,,,,,,,,
н,07,14,21,ср.,07,14,21,ср.,(h),07,14,21,ср.,(mm),У,Н,,,
Д,Ваздушни,притисак,у,mb,Температура,ваздуха,у,°,C,Релативна,влажност,,,,,,,,
а,Екстреми,мин,Терминске,Термини,,,,,,,,,,,,,,,
н,07,14,21,ср.,мах,мин,амп,5сm,07,14,21,ср.,07,14,21,ср.,,,
БЕОГРАД,ширина,"44°48',",дужина,"20°28',",висина,132m,НОВЕМБАР,2017,,,,,,,,,,,
1,"1011,0","1009,4","1008,5","1009,6","14,4","4,4","10,0","0,7","6,4","13,6","7,5","8,8",73,44,68,62,,,
2,"1005,2","1001,5","999,5","1002,1","18,4","6,8","11,6","2,5","7,4","16,6","10,5","11,3",77,48,64,63,,,
3,"999,4","1001,1","1003,7","1001,4","12,8","8,4","4,4","3,9","12,0","11,3","9,9","10,8",63,86,92,80,,,
4,"1006,2","1005,7","1005,8","1005,9","11,6","6,0","5,6","4,0","6,5","10,1","8,5","8,4",97,81,85,88,,,
5,"1003,2","999,8","998,1","1000,4","16,3","6,6","9,7","4,9","6,9","16,3","8,8","10,2",91,48,64,68,,,
6,"997,5","998,4","1000,0","998,6","15,4","7,3","8,1","5,7","7,8","14,8","9,3","10,3",77,53,77,69,,,
7,"1001,4","1000,5","1001,3","1001,1","15,0","8,8","6,2","7,4","10,0","13,1","9,7","10,6",80,65,80,75,,,
8,"1000,6","1000,7","1002,9","1001,4","12,8","8,7","4,1","7,8","8,7","12,4","9,5","10,0",85,66,78,76,,,
9,"1005,3","1006,0","1007,1","1006,1","12,3","8,8","3,5","6,8","8,8","12,0","11,1","10,8",85,74,75,78,,,
10,"1007,0","1004,5","1002,3","1004,6","13,8","9,0","4,8","8,9","10,3","13,3","9,0","10,4",89,65,82,79,,,
11,"1000,0","998,8","996,4","998,4","15,5","5,1","10,4","1,5","6,0","14,9","11,5","11,0",96,60,71,76,,,
12,"994,7","992,8","987,7","991,7","16,0","9,2","6,8","3,7","9,3","16,0","14,0","13,3",77,56,63,65,,,
13,"983,2","985,2","992,3","986,9","14,4","5,8","8,6","9,9","13,6","12,1","5,8","9,3",82,89,97,89,,,
14,"999,9","1004,2","1006,9","1003,7","6,1","4,0","2,1","5,3","4,1","5,1","5,3","5,0",97,96,89,94,,,
15,"1008,8","1008,9","1010,1","1009,3","5,5","4,4","1,1","4,8","4,7","5,4","5,0","5,0",97,97,97,97,,,
16,"1008,9","1007,7","1007,1","1007,9","9,0","5,0","4,0","5,0","6,0","8,6","7,6","7,5",97,86,87,90,,,
17,"1005,7","1004,8","1004,9","1005,1","9,4","7,2","2,2","6,8","7,4","9,1","8,3","8,3",84,76,91,84,,,
18,"1003,2","1002,5","1001,9","1002,5","8,3","5,9","2,4","6,4","6,4","7,2","6,1","6,5",92,89,94,92,,,
19,"999,7","997,7","998,2","998,5","8,4","5,7","2,7","5,6","5,7","8,0","6,5","6,7",94,62,81,79,,,
20,"1001,7","1002,5","1004,1","1002,8","9,1","2,5","6,6","0,1","3,4","8,1","4,2","5,0",89,65,82,79,,,
21,"1002,6","1001,3","1001,6","1001,8","9,6","2,0","7,6","-2,6","3,2","9,2","8,6","7,4",74,44,67,62,,,
22,"1001,7","1001,2","1002,1","1001,7","16,3","8,0","8,3","4,4","9,2","15,3","9,9","11,1",61,51,72,61,,,
23,"1003,7","1003,6","1005,0","1004,1","16,9","5,5","11,4","0,8","5,5","16,0","10,1","10,4",86,49,77,71,,,
24,"1004,2","1003,5","1004,3","1004,0","17,0","7,9","9,1","2,2","10,2","15,7","9,3","11,1",67,53,78,66,,,
25,"1003,3","999,7","998,8","1000,6","14,6","5,4","9,2","1,0","6,0","14,4","8,6","9,4",86,56,79,74,,,
26,"996,3","998,6","1001,7","998,9","9,6","4,4","5,2","6,4","8,0","6,8","4,4","5,9",78,91,93,87,,,
27,"1005,1","1004,9","1005,0","1005,0","4,9","2,0","2,9","2,4","2,6","4,5","2,0","2,8",90,77,87,85,,,
28,"1003,9","1001,0","999,1","1001,3","6,7","-0,7","7,4","-2,8","-0,7","5,8","1,6","2,1",93,61,75,76,,,
29,"997,0","995,0","993,1","995,0","11,0","-0,5","11,5","-3,9","0,6","10,7","6,0","5,8",71,40,62,58,,,
30,"982,9","987,0","991,1","987,0","9,7","4,9","4,8","3,9","7,4","7,3","6,1","6,7",67,95,92,85,,,
dek1,"1003,7","1002,8","1002,9","1003,1","14,3","7,5","6,8","5,3","8,5","13,4","9,4","10,2",82,63,77,74,,,
dek2,"1000,6","1000,5","1001,0","1000,7","10,2","5,5","4,7","4,9","6,7","9,5","7,4","7,8",91,78,85,85,,,
dek3,"1000,1","999,6","1000,2","999,9","11,6","3,9","7,7","1,2","5,2","10,6","6,7","7,3",77,62,78,73,,,
mes,"1001,4","1001,0","1001,4","1001,2","12,0","5,6","6,4","3,8","6,8","11,1","7,8","8,4",83,67,80,77,,,
1,"7,0","6,8","7,1","7,0",SSE,"0,8",SW,"0,8",SE,"0,8","0,8",-,9,1,0,"3,3",.,.,.
2,"7,9","9,1","8,1","8,4",C,"0,0",NE,"0,8",C,"0,0","0,3",-,8,6,3,"5,7",.,.,.
3,"8,8","11,6","11,2","10,5",W,"0,8",W,"2,4",W,"0,8","1,4",-,8,9,6,"7,7",.,.,.
4,"9,4","10,0","9,4","9,6",S,"0,8",ESE,"2,4",SSE,"2,4","1,9",-,10,1,0,"3,7","1,2",.,.
5,"9,0","9,0","7,2","8,4",SE,"4,4",SE,"4,4",SE,"4,4","4,4",-,2,4,1,"2,3",.,.,.
6,"8,2","8,9","9,0","8,7",SE,"6,7",ESE,"4,4",ESE,"4,4","5,1",-,1,1,0,"0,7",.,.,.
7,"9,8","9,8","9,6","9,7",SE,"6,7",ESE,"4,4",SE,"6,7","5,9",-,7,8,8,"7,7",.,.,.
8,"9,6","9,5","9,3","9,5",SE,"4,4",SE,"4,4",SE,"2,4","3,7",-,9,9,8,"8,7",.,.,.
9,"9,6","10,4","9,9","10,0",WSW,"0,8",NW,"0,8",NNE,"0,8","0,8",-,9,9,9,"9,0","0,0",.,.
10,"11,2","9,9","9,4","10,2",C,"0,0",E,"0,8",SE,"2,4","1,1",-,10,9,0,"6,3",.,.,.
11,"9,0","10,2","9,7","9,6",SSE,"0,8",NNE,"0,8",SE,"2,4","1,4",-,7,0,8,"5,0",.,.,.
12,"9,0","10,3","10,1","9,8",SSE,"0,8",SE,"0,8",SSE,"2,4","1,4",-,8,10,4,"7,3",.,.,.
13,"12,8","12,6","9,0","11,5",ESE,"2,4",NNW,"2,4",W,"2,4","2,4",-,10,10,10,"10,0","3,1",.,.
14,"7,9","8,4","7,9","8,1",W,"4,4",NW,"2,4",NW,"0,8","2,5",-,10,10,10,"10,0","12,0",.,.
15,"8,3","8,7","8,5","8,5",NE,"0,8",NNE,"2,4",NNE,"0,8","1,4",-,10,10,10,"10,0","4,1",.,.
16,"9,1","9,6","9,1","9,3",NE,"0,8",E,"2,4",ESE,"4,4","2,5",-,10,10,10,"10,0","5,5",.,.
17,"8,7","8,8","10,0","9,2",E,"2,4",E,"2,4",NE,"2,4","2,4",-,10,10,9,"9,7","0,6",.,.
18,"8,8","9,1","8,9","8,9",NNE,"2,4",W,"2,4",W,"0,8","1,9",-,10,10,10,"10,0","0,3",.,.
19,"8,6","6,6","7,9","7,7",SW,"0,8",ESE,"0,8",C,"0,0","0,6",-,10,10,10,"10,0","0,6",.,.
20,"7,0","7,0","6,8","6,9",W,"2,4",W,"2,4",WSW,"0,8","1,9",-,10,5,0,"5,0","0,0",.,.
21,"5,7","5,2","7,5","6,1",SSE,"2,4",S,"0,8",SE,"0,8","1,4",-,5,10,9,"8,0","0,0",.,.
22,"7,1","8,9","8,8","8,3",SSW,"0,8",W,"2,4",SSE,"0,8","1,4",-,7,8,0,"5,0","0,0",.,.
23,"7,8","8,9","9,5","8,7",C,"0,0",NNE,"0,8",SE,"2,4","1,1",-,0,3,0,"1,0",.,.,.
24,"8,3","9,5","9,2","9,0",SSE,"0,8",SW,"0,8",SSE,"0,8","0,8",-,10,9,0,"6,3",.,.,.
25,"8,1","9,2","8,8","8,7",SE,"0,8",SE,"2,4",SE,"4,4","2,5",-,3,8,4,"5,0",.,.,.
26,"8,4","9,0","7,7","8,4",ESE,"2,4",NW,"2,4",NNW,"2,4","2,4",-,9,10,10,"9,7","0,0",.,.
27,"6,7","6,5","6,1","6,4",WNW,"2,4",NW,"2,4",W,"0,8","1,9",-,10,8,3,"7,0","10,4",.,0
28,"5,4","5,6","5,2","5,4",W,"2,4",W,"2,4",ESE,"2,4","2,4",-,3,1,0,"1,3","0,3",.,.
29,"4,5","5,1","5,8","5,1",SSE,"0,8",ESE,"0,8",SE,"4,4","2,0",-,9,2,4,"5,0",.,.,.
30,"6,9","9,7","8,6","8,4",SSE,"6,7",S,"2,4",NE,"2,4","3,8",-,9,10,9,"9,3","3,1",.,.
dek1,"9,1","9,5","9,0","9,2","2,6","2,6","2,5","2,5",-,"7,3","5,7","3,5","5,5","1,2",,,,,
dek2,"8,9","9,1","8,8","9,0","1,8","1,9","1,7","1,7",-,"9,5","8,5","8,1","8,7","26,2",,,,,
dek3,"6,9","7,8","7,7","7,5","2,0","1,8","2,2","1,9",-,"6,5","6,9","3,9","5,8","13,8",,,,,
mes,"8,3","8,8","8,5","8,5","2,1","2,1","2,1","2,0",-,"7,8","7,0","5,2","6,7","41,2",,,,,
Д,Напон,водене,паре,Правац,и,брзина,ветра,Инсо-,Облачност,Пада-,Снег,Појаве,,,,,,,
а,(mb),(m/s),лација,у,десетинама,вине,(сm),,,,,,,,,,,,
н,07,14,21,ср.,07,14,21,ср.,(h),07,14,21,ср.,(mm),У,Н,,,
Д,Ваздушни,притисак,у,mb,Температура,ваздуха,у,°,C,Релативна,влажност,,,,,,,,
а,Екстреми,мин,Терминске,Термини,,,,,,,,,,,,,,,
н,07,14,21,ср.,мах,мин,амп,5сm,07,14,21,ср.,07,14,21,ср.,,,
БЕОГРАД,ширина,"44°48',",дужина,"20°28',",висина,132m,ДЕЦЕМБАР,2017,,,,,,,,,,,
1,"996,2","998,0","999,8","998,0","6,1","2,2","3,9","2,4","2,5","4,4","4,0","3,7",90,82,87,86,,,
2,"1000,8","1003,0","1003,7","1002,5","4,1","1,0","3,1","1,8","1,4","2,4","1,0","1,5",90,82,93,88,,,
3,"1001,4","1004,4","1007,9","1004,6","1,0","-0,2","1,2","0,4","0,2","0,2","0,2","0,2",96,93,95,95,,,
4,"1009,5","1009,7","1009,9","1009,7","3,7","-1,0","4,7","-1,0","-0,4","1,9","1,8","1,3",96,71,77,81,,,
5,"1012,2","1014,7","1015,2","1014,0","5,1","1,5","3,6","0,6","2,0","4,4","2,9","3,1",88,68,90,82,,,
6,"1014,8","1013,8","1013,3","1014,0","9,6","2,8","6,8","2,2","4,8","8,3","3,0","4,8",71,63,92,75,,,
7,"1013,3","1011,0","1009,6","1011,3","10,5","-0,2","10,7","-4,1","-0,2","9,2","4,6","4,6",95,63,82,80,,,
8,"1005,0","1000,2","997,0","1000,7","14,5","2,2","12,3","-2,6","5,2","14,0","10,0","9,8",61,42,54,52,,,
9,"988,0","990,8","995,2","991,3","10,4","0,3","10,1","6,6","9,6","1,0","0,4","2,9",65,95,96,85,,,
10,"1000,6","999,4","994,7","998,2","4,9","-1,0","5,9","-2,6","-0,4","4,4","3,7","2,9",93,54,55,67,,,
11,"992,1","992,8","992,5","992,5","11,9","3,4","8,5","2,8","6,7","10,5","10,2","9,4",60,58,62,60,,,
12,"994,0","995,8","998,8","996,2","19,5","9,3","10,2","7,2","10,6","18,8","15,2","15,0",70,48,52,57,,,
13,"1001,9","1003,0","1000,7","1001,9","15,2","3,0","12,2","6,2","6,0","3,8","3,2","4,1",92,91,94,92,,,
14,"994,7","993,5","992,2","993,5","11,4","1,1","10,3","-1,9","1,4","10,5","10,6","8,3",95,62,68,75,,,
15,"989,3","987,2","982,1","986,2","14,3","10,0","4,3","7,0","10,8","12,8","13,4","12,6",64,58,61,61,,,
16,"985,0","993,2","996,9","991,7","13,4","1,5","11,9","4,8","4,7","4,2","3,6","4,0",90,87,88,88,,,
17,"998,6","1000,1","1003,7","1000,8","3,8","0,9","2,9","0,1","1,8","2,6","1,6","1,9",90,86,92,89,,,
18,"1005,1","1005,4","1008,1","1006,2","2,6","-0,4","3,0","-1,5","-0,4","2,2","0,8","0,9",96,81,88,88,,,
19,"1012,6","1014,4","1015,5","1014,2","2,2","0,4","1,8","0,3","0,5","1,9","0,4","0,8",76,75,86,79,,,
20,"1016,4","1016,3","1016,2","1016,3","1,0","-2,9","3,9","-4,8","-2,4","0,5","-0,3","-0,6",86,78,84,83,,,
21,"1017,5","1017,3","1016,6","1017,1","2,0","-2,0","4,0","-3,8","-2,0","0,7","0,8","0,1",88,75,80,81,,,
22,"1014,8","1012,9","1012,2","1013,3","2,6","-0,9","3,5","-4,4","-0,2","1,9","2,1","1,5",87,92,90,90,,,
23,"1011,6","1011,1","1010,8","1011,2","6,3","2,1","4,2","1,9","3,4","5,5","5,3","4,9",89,71,80,80,,,
24,"1008,9","1007,6","1008,7","1008,4","14,6","5,3","9,3","4,6","6,6","13,6","7,3","8,7",76,57,83,72,,,
25,"1008,6","1007,8","1006,0","1007,5","15,0","2,8","12,2","-1,6","3,8","13,0","9,7","9,0",86,56,66,69,,,
26,"1002,9","1000,6","998,1","1000,5","11,4","2,4","9,0","-2,6","2,9","9,0","8,4","7,2",87,66,64,72,,,
27,"992,8","988,3","984,5","988,5","15,5","8,0","7,5","2,5","11,0","15,4","10,6","11,9",58,47,64,56,,,
28,"978,5","977,7","982,0","979,4","14,7","10,1","4,6","7,4","11,8","14,4","10,5","11,8",57,50,52,53,,,
29,"989,7","994,7","998,4","994,3","10,5","3,2","7,3","2,5","3,4","3,9","3,2","3,4",85,66,72,74,,,
30,"1000,1","1000,6","1002,2","1001,0","5,8","-1,3","7,1","-5,4","-1,1","5,2","1,9","2,0",91,53,65,70,,,
31,"1001,7","1001,8","1001,6","1001,7","10,7","1,6","9,1","-1,4","4,6","9,4","6,3","6,7",49,58,69,59,,,
dek1,"1004,2","1004,5","1004,6","1004,4","7,0","0,8","6,2","0,4","2,5","5,0","3,2","3,5",85,71,82,79,,,
dek2,"999,0","1000,2","1000,7","1000,0","9,5","2,6","6,9","2,0","4,0","6,8","5,9","5,6",82,72,78,77,,,
dek3,"1002,5","1001,9","1001,9","1002,1","9,9","2,8","7,1","0,0","4,0","8,4","6,0","6,1",78,63,71,71,,,
mes,"1001,9","1002,2","1002,4","1002,2","8,8","2,1","6,7","0,8","3,5","6,8","5,0","5,1",81,69,77,75,,,
1,"6,6","6,9","7,0","6,8",WNW,"0,8",NE,"0,8",NNE,"2,4","1,4",-,10,10,10,"10,0","12,1",.,0
2,"6,1","6,0","6,1","6,1",WNW,"0,8",NW,"2,4",W,"2,4","1,9",-,10,10,10,"10,0",.,.,.
3,"6,0","5,8","5,9","5,9",WSW,"2,4",W,"2,4",W,"2,4","2,4",-,10,10,10,"10,0","11,5",9,9
4,"5,7","5,0","5,4","5,4",WSW,"0,8",WSW,"2,4",SSW,"0,8","1,4",-,10,9,10,"9,7","3,3",9,3
5,"6,2","5,7","6,8","6,2",WNW,"2,4",W,"4,4",W,"2,4","3,0",-,9,5,10,"8,0",.,6,.
6,"6,1","6,9","7,0","6,7",W,"2,4",W,"2,4",SE,"0,8","1,9",-,9,3,0,"4,0","0,1",.,.
7,"5,7","7,3","7,0","6,7",SSE,"0,8",C,"0,0",SE,"0,8","0,6",-,0,0,0,"0,0",.,.,.
8,"5,4","6,7","6,6","6,2",SSE,"0,8",S,"4,4",S,"2,4","2,5",-,3,0,4,"2,3",.,.,.
9,"7,8","6,2","6,1","6,7",SSE,"4,4",W,"2,4",WNW,"2,4","3,0",-,7,10,10,"9,0","0,1",.,.
10,"5,5","4,5","4,3","4,8",W,"4,4",S,"4,4",SSE,"4,4","4,4",-,4,0,10,"4,7","7,1",5,5
11,"5,9","7,3","7,8","7,0",SSE,"6,7",SSE,"4,4",SSE,"6,7","5,9",-,9,8,9,"8,7","0,0",.,.
12,"9,0","10,5","9,0","9,5",SSE,"4,4",SE,"2,4",SSE,"2,4","3,0",-,8,9,8,"8,3",.,.,.
13,"8,6","7,3","7,2","7,7",NW,"2,4",WNW,"0,8",S,"2,4","1,9",-,10,10,10,"10,0",.,.,.
14,"6,4","7,8","8,7","7,6",C,"0,0",SSE,"4,4",S,"2,4","2,2",-,3,10,6,"6,3","5,2",.,.
15,"8,3","8,6","9,3","8,7",SSE,"2,4",SSE,"6,7",SSE,"6,7","5,3",-,4,9,10,"7,7","0,3",.,.
16,"7,7","7,2","6,9","7,3",W,"2,4",W,"2,4",S,"0,8","1,9",-,10,9,9,"9,3","1,3",.,.
17,"6,3","6,3","6,3","6,3",NW,"0,8",NW,"2,4",NW,"0,8","1,4",-,9,10,10,"9,7","1,5",.,0
18,"5,7","5,8","5,7","5,7",W,"2,4",W,"2,4",NNW,"2,4","2,4",-,9,5,9,"7,7","2,3",.,0
19,"4,8","5,3","5,4","5,2",NW,"0,8",W,"2,4",W,"2,4","1,9",-,10,8,7,"8,3","0,1",.,0
20,"4,4","4,9","5,0","4,8",WSW,"0,8",W,"2,4",SSW,"0,8","1,4",-,5,10,8,"7,7","0,0",.,0
21,"4,7","4,8","5,2","4,9",W,"2,4",WNW,"0,8",S,"0,8","1,4",-,1,4,10,"5,0",.,.,.
22,"5,3","6,4","6,4","6,0",SW,"2,4",W,"0,8",SSW,"0,8","1,4",-,10,10,9,"9,7","0,0",.,0
23,"7,0","6,4","7,1","6,8",WNW,"0,8",NNW,"2,4",W,"2,4","1,9",-,10,7,7,"8,0","0,2",.,0
24,"7,4","8,8","8,5","8,2",W,"2,4",W,"2,4",SSE,"0,8","1,9",-,7,2,5,"4,7","0,1",.,.
25,"6,9","8,4","7,9","7,7",SE,"0,8",W,"0,8",ESE,"2,4","1,4",-,0,0,0,"0,0",.,.,.
26,"6,6","7,6","7,1","7,1",NE,"0,8",C,"0,0",SE,"2,4","1,1",-,0,7,2,"3,0",.,.,.
27,"7,7","8,3","8,2","8,1",SSE,"4,4",SSE,"6,7",SE,"4,4","5,1",-,9,1,5,"5,0",.,.,.
28,"7,8","8,3","6,6","7,6",SSE,"9,4",SSE,"4,4",SSW,"2,4","5,4",-,7,7,8,"7,3",.,.,.
29,"6,6","5,3","5,6","5,8",NW,"2,4",WNW,"2,4",WNW,"2,4","2,4",-,9,10,7,"8,7","0,0",.,.
30,"5,1","4,7","4,5","4,8",W,"0,8",W,"0,8",SE,"2,4","1,4",-,0,0,0,"0,0","0,0",.,.
31,"4,2","6,8","6,6","5,9",S,"2,4",WSW,"0,8",SE,"2,4","1,9",-,9,9,0,"6,0",.,.,.
dek1,"6,1","6,1","6,2","6,2","2,0","2,6","2,1","2,2",-,"7,2","5,7","7,4","6,8","34,2",,,,,
dek2,"6,7","7,1","7,1","7,0","2,3","3,1","2,8","2,6",-,"7,7","8,8","8,6","8,4","10,7",,,,,
dek3,"6,3","6,9","6,7","6,6","2,6","2,0","2,1","2,2",-,"5,6","5,2","4,8","5,2","0,3",,,,,
mes,"6,4","6,7","6,7","6,6","2,3","2,5","2,3","2,3",-,"6,8","6,5","6,9","6,7","45,2",,,,,
Д,Напон,водене,паре,Правац,и,брзина,ветра,Инсо-,Облачност,Пада-,Снег,Појаве,,,,,,,
а,(mb),(m/s),лација,у,десетинама,вине,(сm),,,,,,,,,,,,
н,07,14,21,ср.,07,14,21,ср.,(h),07,14,21,ср.,(mm),У,Н,,,
Д,Ваздушни,притисак,у,mb,Температура,ваздуха,у,°,C,Релативна,влажност,,,,,,,,
а,Екстреми,мин,Терминске,Термини,,,,,,,,,,,,,,,
н,07,14,21,ср.,мах,мин,амп,5сm,07,14,21,ср.,07,14,21,ср.,,,
